MASE,MAE,RMSE,MAPE,sMAPE,R2,Bias,seed,drug_id,cutoff_month,horizon,p,q,m,fallback,start_config
0.5672657341532555,3685.9792873810243,4441.951500111542,4.983634716887377,4.895600860570435,0.40856336379124514,1881.9633819743055,93400,ANL_001,6,6,0.0013487430802305229,0.06076936632926803,32520099.99988378,False,"(0.02, 0.2)"
1.5676420403000744,8968.676067811763,10963.56637622036,9.965374424691426,10.716628181952869,-1.1397601574485434,-8692.219471315906,93400,ANL_001,9,6,0.019358842963302574,0.10012127694030235,2184869.3980335235,False,"(0.05, 0.2)"
1.1686962512596242,7199.487643100537,8706.830310160742,6.912254207264758,7.2722153612092875,0.001706690776405173,-7067.39878093989,93400,ANL_001,12,6,0.011392376179540628,0.07904166113937983,3812454.920633016,False,"(0.001, 0.05)"
1.112327486784891,6025.543426942389,7820.72130683085,4.864777242151861,4.677439557035782,-2.4478440563558257,6025.543426942389,93400,ANL_001,18,6,0.003350760985962972,0.05794611895988663,13438924.67800417,False,"(0.01, 0.1)"
1.3919813108282606,8020.596312992438,9433.57506657956,7.156551348451372,7.487548803479045,0.46255276598812234,-7048.6697065742455,93400,ANL_002,6,6,0.014523810215121098,0.1044637914350705,3535141.3211690006,False,"(0.05, 0.5)"
1.7950328881142792,12716.237358512568,14251.596033485805,9.892232588879157,9.334756344352778,0.5394561432123526,12603.187097598204,93400,ANL_002,9,6,0.0007100643500226072,0.08593207973453008,71201099.99999432,False,"(0.001, 0.05)"
2.4011462173634626,18510.65447567469,21311.715628010617,10.607857339537158,11.376604100538575,-0.2617238015954475,-18510.65447567469,93400,ANL_002,12,6,0.00815133695809033,0.09570443838430251,6274322.816037117,False,"(0.01, 0.3)"
0.5440028685727727,5475.420872353697,7901.650537630944,2.449164118177745,2.3917141509262576,0.8542546086514426,4488.099468745427,93400,ANL_002,18,6,0.0031574336393143812,0.08455266227793351,16296600.591306088,False,"(0.05, 0.5)"
0.9243451645954812,1987.7118419461228,2638.438355148476,4.812104584241796,4.981607081854015,0.8852109156792183,-1987.7118419461228,93400,ANL_003,6,6,0.004538875186713246,0.1340436290480577,2487819.566730166,False,"(0.01, 0.3)"
0.37883924228180565,1032.052805786209,1317.9362447038734,2.0619281970033314,2.0336686515432687,0.9846301031060843,621.3738066495947,93400,ANL_003,9,6,0.0017587531676653667,0.13196958916078913,6371309.148975703,False,"(0.001, 0.05)"
2.057445486855294,7210.41122893378,9479.963002839651,9.173242371748303,8.541380286815386,0.106867128240143,7210.41122893378,93400,ANL_003,12,6,0.0003409826610190545,0.12466986579544136,33500099.99998505,False,"(0.02, 0.2)"
3.0529344800486538,13329.830277417139,15815.487677931229,10.894805909290012,11.71892943803146,-0.31787324007176876,-13329.830277417139,93400,ANL_003,18,6,0.0037057363531835326,0.14410373407694127,2892285.1399324858,False,"(0.01, 0.3)"
0.9593907996380218,5536.452426551096,7469.198345386929,3.837388433859365,3.975921855246097,-0.21690088621242776,-5169.295170299275,93400,ANL_004,6,6,0.0014521192079896394,0.04047450738716313,66642299.996759064,False,"(0.001, 0.05)"
1.0640760774303308,6704.078316340121,8107.889894009126,4.042511668820719,4.134496923625438,0.511707681590474,-3968.4927020117807,93400,ANL_004,9,6,0.010977033778406219,0.06380681349042581,8561484.184290908,False,"(0.05, 0.2)"
3.3113003659526012,23125.218673894982,25740.7346632758,12.261379012386715,13.226560008935731,-3.4815442307663664,-23125.218673894982,93400,ANL_004,12,6,0.015904159621986172,0.07670233641731974,5802375.409664622,False,"(0.05, 0.5)"
1.1149675832161967,11863.845362376154,15227.165263905177,4.9636002017062095,5.162627182004883,0.14800308555446706,-11863.845362376154,93400,ANL_004,18,6,0.006307074634836347,0.05559241325124866,14978170.039290227,False,"(0.05, 0.2)"
1.657293961921342,8162.17276246261,10325.690573759124,6.2890074872390445,6.599650124369731,0.27518179686847577,-7236.844015532103,93400,ANL_005,6,6,0.018020552591048487,0.08510139592538472,3976978.1912639635,False,"(0.005, 0.1)"
6.7395012762903095,30574.589977550524,33143.558217462145,20.651477527408154,23.375556217007954,-7.1093901138559765,-30574.589977550524,93400,ANL_005,9,6,0.023249202466587123,0.099842517768179,3030358.635624026,False,"(0.02, 0.2)"
1.1410482211261777,6276.906264415103,7139.01204799068,3.8549209902051906,3.7820655266558902,0.33728825770426785,3320.07079775726,93400,ANL_005,12,6,0.001957668658246339,0.056320279859681015,37295861.6772973,False,"(0.05, 0.5)"
2.4793867667159786,16177.561113980575,21187.692045607226,7.265948484472418,7.723790253360739,-0.03717293410485878,-14828.340107075952,93400,ANL_005,18,6,0.007242687662303581,0.07080092148720928,9782093.799641587,False,"(0.05, 0.2)"
0.8076309378377623,4440.19337004445,4842.2049170039145,2.6188517918710974,2.602713834479375,0.8742556243240086,850.5084530011178,93400,ANL_006,6,6,0.0014272779985283733,0.04524744097353448,78668699.99974622,False,"(0.05, 0.5)"
1.2868289563775726,7812.660301407338,9030.95180997366,3.9414761214294445,4.027405011951988,0.6648589758566927,-5928.3877332479415,93400,ANL_006,9,6,0.0008948626533207303,0.043280238908592804,125664699.99996375,False,"(0.001, 0.05)"
1.2773752789128328,8427.657590165449,9917.006953161314,3.8526644600097923,3.9602539511124517,0.09846619200362183,-8427.657590165449,93400,ANL_006,12,6,0.004212397287356952,0.05016360161840798,26458766.677535687,False,"(0.01, 0.3)"
0.6068783431750855,4609.954990936157,6062.331636705334,1.7520917357089785,1.7515200053013853,0.7153808862120292,897.7393712018529,93400,ANL_006,18,6,0.005152079909120991,0.05602983909599779,21172385.745364793,False,"(0.005, 0.1)"
10.055817919641266,42063.486357859416,49285.955987380235,40.76380564032011,55.142594298012604,-8.223180843163368,-42063.486357859416,93400,ANL_007,6,6,0.04660215604682854,0.20820057471904965,858562.6103747116,False,"(0.02, 0.2)"
4.925223613426001,24020.315562678607,25624.094598298558,18.840248499279966,20.953624937113037,-1.7555036870261271,-24020.315562678607,93400,ANL_007,9,6,0.011508809157519178,0.0951508592909842,3882861.3653729972,False,"(0.02, 0.2)"
0.8041144632993207,5380.4760765654455,6115.7655160749955,3.375986449942065,3.3144727834924663,0.895131676278765,4570.5351235483495,93400,ANL_007,12,6,0.0004628039237997931,0.084883226554846,92673499.99999999,False,"(0.01, 0.3)"
3.781391713389521,30398.38554913169,32679.01263503321,14.832920291366333,13.704285924507738,-5.167201735983505,30398.38554913169,93400,ANL_007,18,6,0.002264675530925032,0.08934457092689106,18862784.815853402,False,"(0.005, 0.1)"
2.608040970391545,10160.927620645458,12028.063328830862,5.663322052652923,5.889076076337921,0.28279510878167335,-10105.429005191254,93400,ANL_008,6,6,0.0015044044899275293,0.030633779448706946,81438999.9863077,False,"(0.02, 0.2)"
2.016457111203402,10939.279828278455,13512.172368487198,5.39789520926495,5.61853820526179,0.13801229348755406,-10652.801446581521,93400,ANL_008,9,6,0.0009293459469591475,0.03607283136822298,129126599.99996433,False,"(0.01, 0.3)"
2.5859520991545932,15688.971385570918,16575.82323182652,7.072451428246771,7.118304675276553,-0.09344215220025043,-4277.565607432087,93400,ANL_008,12,6,0.0006381543899401435,0.040492156390892424,184100799.99999997,False,"(0.02, 0.2)"
1.4703606169169228,15663.838143816974,18355.622692419896,5.543533442986962,5.755264768205092,-0.31243378720479464,-15663.838143816974,93400,ANL_008,18,6,0.006050347896229386,0.054632241190105915,18822624.99021249,False,"(0.05, 0.5)"
1.8748995150830816,22923.646411114805,28772.658906165016,11.0092337483192,11.982134497297125,-3.170929439037489,-22923.646411114805,93400,ANL_009,6,6,0.03281591801774519,0.10688689563423279,3931242.5705116405,False,"(0.005, 0.1)"
1.910531835786857,20538.933684147134,25728.120125597678,8.68234164836747,9.223255750364947,-0.24238740047654317,-15572.514793504868,93400,ANL_009,9,6,0.019576762899318784,0.08199357786675722,6664818.430651919,False,"(0.02, 0.2)"
1.5288897544281794,17337.74880519323,18088.491261104326,6.725176395337069,6.9445512383028625,0.21893053201113932,-14359.949631866699,93400,ANL_009,12,6,0.007969456504639347,0.05283242605342435,17029051.71045654,False,"(0.01, 0.3)"
1.2804379230793201,15687.699473934344,17624.54425957295,5.029601112607152,4.904948352018401,-1.2862217586513989,9674.815999665472,93400,ANL_009,18,6,0.00037217469411479105,0.040528153979603396,366516099.99991626,False,"(0.005, 0.1)"
0.6501115125926358,3254.7182766437713,4628.585703508832,3.6452145368039006,3.563306173792121,0.8646062334422335,843.9556661279252,93400,ANL_010,6,6,0.0011901675473725674,0.09438520751943165,30857099.999999993,False,"(0.05, 0.2)"
1.8637465851957509,10236.162182541362,11572.31706603004,9.141332518228444,8.665362446602126,0.2864632131700058,9371.18498206853,93400,ANL_010,9,6,0.0006721651031173688,0.09578411160397282,54135099.99994144,False,"(0.05, 0.2)"
1.2798021776428068,9157.449963644334,12957.037974352508,5.706648555305969,6.027261053969072,0.6530754548917921,-8482.548955189974,93400,ANL_010,12,6,0.006277501433042383,0.10868314771118741,5732854.080381841,False,"(0.005, 0.1)"
2.3826267495409543,19969.495560476134,25792.600160944265,9.09363734552553,8.492852466138205,-0.640623235010467,19969.495560476134,93400,ANL_010,18,6,0.00022931520633873064,0.08412578357973527,168031899.98214582,False,"(0.01, 0.1)"
3.61157867776533,49629.591874115606,65159.7686519684,21.120381805850297,24.919023754328208,-0.3117822467411351,-49629.591874115606,93400,ANL_011,6,6,0.010621318329250399,0.2840012919197358,2183739.41369917,False,"(0.001, 0.05)"
5.130963951345184,101959.30878866192,124281.90282584014,30.899471359865988,25.922991387761705,-2.654898375622989,101959.30878866192,93400,ANL_011,9,6,0.0008891784515365473,0.22446862909124196,29140976.17714597,False,"(0.02, 0.2)"
0.6106778279808512,14739.986250139986,16392.128933282696,3.792316987275173,3.7104285173170513,0.8806793099695334,10885.345253542939,93400,ANL_011,12,6,0.0034053925703137343,0.2282087484649642,7854649.6219227165,False,"(0.02, 0.2)"
4.818364562477373,116940.29076527804,133498.84741503338,23.854875011602104,28.306521916606087,-150.15732939396185,-116940.29076527804,93400,ANL_011,18,6,0.0035385768493114427,0.2290194703073033,7534590.119586503,False,"(0.005, 0.1)"
1.3431262598505052,9269.720194984247,12875.34405455121,7.442993113296857,7.0212955750092805,0.7712228013222718,9269.720194984247,93400,ANL_012,6,6,0.0008593201705817809,0.1794943269654905,25075931.6005705,False,"(0.005, 0.1)"
1.6518432741668159,14450.531442820577,16925.65041792126,8.366387568345806,8.819695013903207,0.6880092939643002,-14450.531442820577,93400,ANL_012,9,6,0.005803229675415332,0.19598199826779894,3634013.8417271487,False,"(0.05, 0.5)"
2.640377743861503,29432.770779504877,40831.808222313164,11.044262724372073,12.220659929773577,0.20193612452120924,-29432.770779504877,93400,ANL_012,12,6,0.004843407150699857,0.19646519252870662,4290204.08731341,False,"(0.05, 0.2)"
1.7247985002121657,27264.701562736154,30724.10239337148,7.457900189546363,7.133446556129449,-0.216439781119536,27264.701562736154,93400,ANL_012,18,6,0.0022567147024989214,0.15963504934943254,10993130.859379306,False,"(0.001, 0.05)"
1.3759898142376632,10931.963876155387,14420.183926251568,8.589298844125375,8.0992210177332,0.7882268472576126,10931.963876155387,93400,ANL_013,6,6,0.0007969280297810247,0.19702174667022607,23869799.99994011,False,"(0.05, 0.2)"
1.3990806903132704,13463.70325305718,18984.609865896677,7.144117997788705,7.559754344699248,0.7295462351477946,-13463.70325305718,93400,ANL_013,9,6,0.004898207025559042,0.20980597796231545,3824608.220053883,False,"(0.005, 0.1)"
1.4139877209165312,17733.976907058604,21655.333009610662,7.178956700412158,7.402351117564801,0.7366944757312059,-10270.958961892286,93400,ANL_013,12,6,0.003954507684085581,0.2109530477132323,4639648.78517409,False,"(0.005, 0.1)"
2.119289944767634,34060.85399996222,42082.61422416277,9.185859699624165,9.847352796987476,-1.0287463663511245,-32397.392501914495,93400,ANL_013,18,6,0.0031047971423520987,0.18513782294447306,6850994.086876289,False,"(0.05, 0.2)"
3.4409316588317975,3493.922006377807,4048.4493251840904,8.135848511741147,8.573478012863594,-0.4407314422174413,-3493.922006377807,93400,ANL_014,6,6,0.0015155792205031931,0.02856101912564502,19429399.999999996,False,"(0.05, 0.2)"
1.1925481125302295,1500.5236625911614,2066.2651554286995,3.172080266275934,3.2636442030283686,0.5599047819637376,-1009.0174802873953,93400,ANL_014,9,6,0.000917895520084367,0.038436987297126364,31062199.99999994,False,"(0.01, 0.3)"
0.8142066535216299,1490.960420171472,1827.411019220644,2.972071046016933,2.911446597365236,0.7068358228142904,1211.1257818903239,93400,ANL_014,12,6,0.000635394573480819,0.0411189875324473,44291599.99998276,False,"(0.01, 0.1)"
1.0489858235164977,2203.5489849175087,2610.107853064551,3.356077365706065,3.4189215841203073,0.612904975963793,-1374.910894731501,93400,ANL_014,18,6,0.0022949960491261607,0.04242986327163307,12336046.516309028,False,"(0.05, 0.5)"
6.978669007219041,25502.848019981266,27726.969662580595,24.754920779904396,28.955721032978104,-41.69682634814257,-25502.848019981266,93400,ANL_015,6,6,0.046199552925140906,0.12963316763743285,1430938.0549689454,False,"(0.05, 0.2)"
1.50900494583136,7228.133690532214,7727.6853970064,6.501281992216716,6.271315809965062,0.13613563354508262,7228.133690532214,93400,ANL_015,9,6,0.0008866726924499283,0.045018968384277325,77742099.99999997,False,"(0.01, 0.1)"
2.752048781406757,12253.372106087156,13566.739591755404,9.564727461514773,10.134326390953936,-2.497070050415273,-12253.372106087156,93400,ANL_015,12,6,0.014894598863518137,0.06745751209999971,4578139.119886604,False,"(0.05, 0.2)"
0.8490772592370567,4260.32006680363,5465.915437567,2.797089565617587,2.7893480122379857,0.7358305203938695,114.21064210518186,93400,ANL_015,18,6,0.0032566373566455084,0.042821599668766024,21612436.41130471,False,"(0.001, 0.05)"
2.0622369319397715,17063.360822256058,21535.67408969493,9.360774535583973,10.027053026480875,-0.2611925693275843,-14222.033523548322,93400,ANL_016,6,6,0.025213459188562333,0.11979128515783194,3625218.933616543,False,"(0.001, 0.05)"
2.157776187866838,18774.540888605872,21325.55607484956,8.730879093730255,9.19088503051257,0.16264091294339322,-16611.458268751536,93400,ANL_016,9,6,0.011051675634810467,0.08048922773742902,8650424.52939506,False,"(0.001, 0.05)"
1.0149078789808943,11439.118968346296,13363.984891385851,4.628138441726896,4.777434448688438,0.5807906119734673,-11439.118968346296,93400,ANL_016,12,6,0.004913493278976133,0.0683770003569168,19669055.81686432,False,"(0.02, 0.2)"
1.3259082101536313,16281.60685848241,20244.77469683048,5.379268497826811,5.176716309518661,0.46434624149713644,12586.541143380417,93400,ANL_016,18,6,0.0030213760854573275,0.06670581454573773,31754454.00012606,False,"(0.005, 0.1)"
4.858172352357241,21476.03670083042,26975.62912458744,28.052070259307104,34.974574953816195,-1.8172794036360385,-21476.03670083042,93400,ANL_017,6,6,0.019450317239409414,0.24929062534259036,658333.1200145351,False,"(0.02, 0.2)"
1.7874009754182263,10460.093933269387,13045.45398781883,9.994739843725782,9.336967221887258,0.576235222091726,10460.093933269387,93400,ANL_017,9,6,0.001438392478580012,0.16604989706809925,10105376.119965767,False,"(0.02, 0.2)"
1.0922949815966703,7431.975054783744,8672.62761283899,5.45188451880043,5.517460624419582,0.8819551991654139,-4418.695652116713,93400,ANL_017,12,6,0.003881388733367557,0.17659471014498226,3671167.8809412178,False,"(0.01, 0.3)"
0.9034243652361663,8273.87919249113,9600.581971335372,3.7205606706063836,3.7956221606899625,0.7888092909516717,-6534.879412840489,93400,ANL_017,18,6,0.002830703651857782,0.16184324836962827,5397109.145927767,False,"(0.05, 0.5)"
0.43280530238761533,1709.4943833706031,2165.0550238030587,2.4540763552776332,2.4989081938220132,0.4039258285356754,-1222.3067005178284,93400,ANL_018,6,6,0.02571461936829158,0.09718765234525739,1745455.6726768627,False,"(0.01, 0.1)"
1.3783946291240416,4893.817831376269,5486.91086016443,6.354152866455378,6.4401446849102655,0.28271637140152495,-1932.7593885227227,93400,ANL_018,9,6,0.01713899039312714,0.07589788178019134,2675225.4468673514,False,"(0.02, 0.2)"
7.923377728364247,24721.658819562665,26971.579455874038,27.03898260586337,32.008090109232455,-12.19207327347445,-24721.658819562665,93400,ANL_018,12,6,0.024777669406682773,0.09918756104778673,1790995.9920102563,False,"(0.001, 0.05)"
1.2754245310786174,5270.20421236168,6668.988962660943,4.936086655525269,4.748592715520444,-0.48389407122286365,5270.20421236168,93400,ANL_018,18,6,0.0003722111623270826,0.04050315488038603,127289999.99999663,False,"(0.01, 0.3)"
0.9450769702476942,4253.980458478921,5201.060548623476,4.418221009933643,4.279480280324797,0.7637113634419708,3556.235437094309,93400,ANL_019,6,6,0.0012581658700580288,0.07955747195377831,37523299.99994669,False,"(0.01, 0.1)"
4.157649871143983,19785.736030540324,22285.663428704032,16.53249884103406,18.370693581631844,-3.0026823432596066,-19785.736030540324,93400,ANL_019,9,6,0.019226877808165333,0.122731752995321,2351228.9947389197,False,"(0.05, 0.5)"
0.4727470127092829,2802.5302453429395,3137.8434966601985,2.0851810652313607,2.077424761956435,0.9453927427736136,85.88714887894214,93400,ANL_019,12,6,0.0047979435741373816,0.08187077959586662,9954622.293009492,False,"(0.05, 0.5)"
1.9240558166429083,12327.538796985033,13972.254062541875,6.163041974694839,6.397490430765389,0.3466612731228754,-12327.538796985033,93400,ANL_019,18,6,0.004659603437541593,0.08126737292348621,10266920.039526522,False,"(0.001, 0.05)"
4.232693880019106,38410.00388362138,42851.14949500043,18.038810372863956,20.219063034760406,-5.606141082682431,-38410.00388362138,93400,ANL_020,6,6,0.03199955852083797,0.08559409714504641,4205945.240159975,False,"(0.001, 0.05)"
0.8500469536984504,8652.521685827314,12235.766883593371,3.4447378866036957,3.553666346561694,0.6924441318748022,-8652.521685827314,93400,ANL_020,9,6,0.0008943052385669017,0.04339684053770411,150649499.99998006,False,"(0.005, 0.1)"
1.1051215627034607,12122.480283680698,15313.096730220683,4.527217584198113,4.439453365212082,0.18420374765406078,5858.724121736105,93400,ANL_020,12,6,0.0006116852842478107,0.04654955061184534,216812799.99998048,False,"(0.01, 0.1)"
1.128551586522241,11796.616963142102,13638.098046151787,3.610187799134637,3.6936699798967,0.36487568843983564,-10435.143246547921,93400,ANL_020,18,6,0.007277184421698343,0.06233623654617827,17693199.34309929,False,"(0.02, 0.2)"
0.7461113944616156,6384.0275355713675,7575.854046322656,4.5318480153847185,4.652847432535775,0.9528022317629602,-5806.883368216285,93400,ANL_021,6,6,0.0046772989659089265,0.20455384088891185,4682079.941600203,False,"(0.001, 0.05)"
0.8024246523953573,9003.10429679436,11774.58621248226,4.140752985148851,4.022504825636979,0.9301600369535399,6907.185647408764,93400,ANL_021,9,6,0.0027378581417603033,0.19898141160613364,8014293.256612128,False,"(0.05, 0.5)"
2.332679468467682,32611.70721625764,41184.743917443775,10.507819799208152,11.384987692167082,0.23415277519772604,-32611.70721625764,93400,ANL_021,12,6,0.004223808807636395,0.21276751328498444,4965668.127162442,False,"(0.01, 0.3)"
2.4057312612825164,46313.298565364144,56070.72203400978,10.917161816401933,11.734175270722384,-1.2766025419724172,-38448.37705915393,93400,ANL_021,18,6,0.0030278664612871653,0.1934685275066251,7598713.485441926,False,"(0.005, 0.1)"
1.765773559694572,3284.338821031904,3688.8650001014503,5.699654452846573,5.652912069897739,0.4785412198935689,1307.079506667303,93400,ANL_022,6,6,0.0014154988160908774,0.04753146840168789,26219199.999979693,False,"(0.05, 0.5)"
7.7058976234936525,12147.384366234806,13452.67769537953,17.958571084750822,20.085358812305902,-4.990229201771152,-12147.384366234806,93400,ANL_022,9,6,0.02308467008834492,0.08389618012618569,1575736.4623732085,False,"(0.05, 0.5)"
1.7408096778524929,5057.052114161492,5888.4221036354365,6.828712809461794,7.152582105316875,-0.9372765900726019,-5057.052114161492,93400,ANL_022,12,6,0.009935412435443656,0.06144904624176827,3690712.771956294,False,"(0.001, 0.05)"
0.8565694952353293,3215.3603393498415,3661.5237317449887,3.5545566044215264,3.6260321177003925,0.5327390215151538,-2300.0387892086314,93400,ANL_022,18,6,0.006094131947204285,0.05665658256198105,5984622.011353016,False,"(0.01, 0.1)"
0.5385494442597502,3522.651914903026,5058.3788055784225,3.073635718662973,3.1545575151319243,0.7001336415989922,-2711.7384915092116,93400,ANL_023,6,6,0.0014687091138402934,0.03731371491898346,50828299.99999999,False,"(0.005, 0.1)"
1.2262810952028176,6565.508983715886,7479.744689682816,5.221771422652824,5.3324171760355785,0.5125450998405285,-3204.881821124516,93400,ANL_023,9,6,0.0009170900661476419,0.038613344319769184,81007399.99997753,False,"(0.05, 0.5)"
1.192078177372424,6992.730588466639,7401.6743561320645,5.08382977777711,5.1166048644617215,0.5211826961425896,-2499.4297094774106,93400,ANL_023,12,6,0.0006342714089600203,0.04136695000087388,115164499.99992844,False,"(0.05, 0.5)"
0.9192285957432784,6841.926582657897,7823.26095731478,4.109394336598735,4.029761451927287,0.608476276524395,4553.284367890029,93400,ANL_023,18,6,0.0003663953793843165,0.042008389058353184,198596899.99275947,False,"(0.05, 0.5)"
0.4306434339083661,1497.1749623258256,1917.7211663442113,2.7307001379130247,2.669297332928688,0.9678142851718736,1497.1749623258256,93400,ANL_024,6,6,0.0010568270834397356,0.12561320239752252,15956199.999981744,False,"(0.02, 0.2)"
0.9140070788303156,3658.0848312486305,6182.133520172747,4.549697086522825,4.3043819938215915,0.7392669065678474,2968.4388835646837,93400,ANL_024,9,6,0.0005848975816382465,0.12025079261797322,29264795.180948023,False,"(0.01, 0.3)"
2.0182705540704124,9616.3252735804,10971.139134187004,9.50510930409641,8.978702561038169,0.5075774702231721,8930.505465847622,93400,ANL_024,12,6,0.0006564289158687494,0.11976210430940482,26157624.083638206,False,"(0.05, 0.2)"
0.7742327496942862,5194.509690110659,6231.056065771502,3.5169959730161633,3.5170701360377525,0.884210846591354,-23.949435753126938,93400,ANL_024,18,6,0.0028472221109245755,0.12599338355983883,6022705.257972016,False,"(0.02, 0.2)"
6.50137738121634,7087.801621002054,8583.703710367106,32.422225686150014,41.23904776390473,-2.2792680057085675,-7087.801621002054,93400,ANL_025,6,6,0.022206330917772597,0.22538482489586695,188201.390786622,False,"(0.005, 0.1)"
1.8340023951128366,2888.0952717039395,3722.2846022063477,9.481536437029664,8.922926378495081,0.37815032639014357,2463.4995873225157,93400,ANL_025,9,6,0.00048431179986092973,0.15227052234486696,9265599.999999998,False,"(0.01, 0.1)"
0.9744011931337303,1853.133905487058,2178.2479809578476,5.346752542266315,5.155841519486259,0.8853037550163031,1853.133905487058,93400,ANL_025,12,6,0.0034416044844147865,0.17039094448741124,1241285.3792786873,False,"(0.01, 0.3)"
2.3859845768988137,5742.784172527575,7501.279196469088,8.730544599114824,9.391890619195513,-0.017664488907384035,-5742.784172527575,93400,ANL_025,18,6,0.003306021794201292,0.15767251573812094,1403255.222634882,False,"(0.005, 0.1)"
1.3612035958134527,9314.443965432294,11426.571146154425,8.195898541360828,7.76376318215304,0.7684584848953657,9314.443965432294,93400,ANL_026,6,6,0.0009490046282139864,0.15309789672407492,28616699.999999452,False,"(0.01, 0.1)"
0.697215623560978,5814.778300498557,6972.783355936802,3.9686451222027084,3.8860095774748276,0.9438270956112449,4200.340853481997,93400,ANL_026,9,6,0.0027208291921823288,0.1500819305203286,10202349.87173698,False,"(0.005, 0.1)"
0.750369306222953,7354.91529342296,10239.724356671908,3.4391994587794112,3.341456959960391,0.9067205894551615,5176.19058285072,93400,ANL_026,12,6,0.0027991684418622134,0.14852831101493513,9980670.195574723,False,"(0.01, 0.3)"
1.686946569687687,23593.63472365199,30786.710021663974,6.67878877945652,7.041586184317723,0.2462104592395583,-23593.63472365199,93400,ANL_026,18,6,0.003293718527992103,0.1508489922494106,8456118.503068542,False,"(0.01, 0.3)"
0.5035596938756045,3083.296005600326,3512.0198803028743,3.145980400912508,3.108756946637896,0.9471748759915226,1974.1859833862302,93400,ANL_027,6,6,0.006241598168851629,0.15023879843847496,4367946.790709954,False,"(0.005, 0.1)"
3.064404309380578,23109.055947577614,25719.873713377023,17.93868031814456,16.313979693259707,-0.6494935440766274,23109.055947577614,93400,ANL_027,9,6,0.0005452851277703409,0.13230360675149924,51182599.99999999,False,"(0.001, 0.05)"
3.571583803189431,27230.728983826182,32986.774529845854,15.414119074153465,17.2165458605579,-0.7069920434133905,-27230.728983826182,93400,ANL_027,12,6,0.008303614500140123,0.15801649787415262,3242457.9298511534,False,"(0.005, 0.1)"
1.3971003088518053,13432.379828270126,15639.767734972467,5.108145357020484,5.28489070576923,0.5819442827918634,-13432.379828270126,93400,ANL_027,18,6,0.0034537173588898617,0.12672860147009218,8572104.882577324,False,"(0.05, 0.2)"
0.9724282544607719,4792.515409284468,6465.3989579716745,3.553333801770845,3.539635000681787,0.7029722590265433,308.5897436594508,93400,ANL_028,6,6,0.0014308014111481659,0.044552184932209395,62752899.99999999,False,"(0.01, 0.1)"
0.8024611497892683,4707.036489376401,6545.701108376568,3.140449604926214,3.2387954085115362,0.3039558934776012,-4102.017548495438,93400,ANL_028,9,6,0.0009087729712362608,0.04034995380749451,99812399.999815,False,"(0.05, 0.5)"
0.48367634434409196,3014.974507180518,3380.361066710978,1.7442066259346998,1.7404489108154384,0.9334162059266463,1126.080329775461,93400,ANL_028,12,6,0.003058589895679376,0.04749350859430543,29216764.698982134,False,"(0.02, 0.2)"
0.7833413173594748,5449.152598057612,8410.591765397374,2.5210325488231113,2.449450181179515,0.3804160616401133,4425.21370601199,93400,ANL_028,18,6,0.00036973100979504616,0.04115850014709351,244970499.86104754,False,"(0.01, 0.1)"
3.9524456110059067,7480.398563389779,8912.411429534537,9.98368918781643,10.718265559970797,-0.5050392034739606,-7381.312066726584,93400,ANL_029,6,6,0.001504803671248325,0.03055621159863741,32123699.999999996,False,"(0.01, 0.3)"
1.8999548432192883,6190.0528792084415,6705.16917165967,7.715823098289479,8.085861463656506,-3.1912633551766074,-6190.0528792084415,93400,ANL_029,9,6,0.0009235846072525307,0.03726821526609243,51354299.99955812,False,"(0.001, 0.05)"
0.8134001820738836,3756.060204403902,4725.89399813723,4.199412288524159,4.073707511851367,0.5380162663187824,2824.3987221776965,93400,ANL_029,12,6,0.0006093945952576715,0.04707108449193139,74637999.99999778,False,"(0.01, 0.3)"
0.7638278208261754,3552.2486773245546,4724.253315554918,3.188121242816333,3.1121032009955782,0.3202847535134199,2485.5838441213104,93400,ANL_029,18,6,0.003600243829590557,0.05128905641289858,12652275.441277798,False,"(0.001, 0.05)"
1.0033615543234198,2367.732595892406,2519.778416721825,4.876275632653282,4.748750855066151,0.7457913312556981,2367.732595892406,93400,ANL_030,6,6,0.0013108430263769947,0.06850064142935255,20376199.999991696,False,"(0.01, 0.1)"
2.7259823323990977,5857.113788951011,6836.435052543682,9.917254262192609,10.58161528755265,-0.6655312909164393,-5857.113788951011,93400,ANL_030,9,6,0.01520728762291287,0.09033466396210442,1744258.685427219,False,"(0.05, 0.2)"
0.5148773087630956,1278.7211998271825,1811.8597044307708,2.1148073448013447,2.0686375646767483,0.9457308446529769,691.9121440098037,93400,ANL_030,12,6,0.0016793571178896317,0.06234424449058994,16222122.017854398,False,"(0.01, 0.1)"
2.7913127662991846,8442.079169368975,9185.31938016575,9.670935913180745,9.154407967024651,-1.0548964655595081,8021.967096494988,93400,ANL_030,18,6,0.0003070759312948381,0.05834892500130552,89310199.99999999,False,"(0.05, 0.5)"
1.1850250304410168,7215.854415361439,7999.738157812713,6.097010324293212,6.217452877441195,0.6265705501488574,-3500.941873176809,93400,ANL_031,6,6,0.017345503035128763,0.11209244786093,3328959.0633495273,False,"(0.01, 0.3)"
6.889874760238965,43912.61678438304,50038.80474347292,29.29184797095431,35.651344709844544,-6.787738668894909,-43912.61678438304,93400,ANL_031,9,6,0.026707701958923153,0.14430258487504188,2077517.7665363248,False,"(0.05, 0.2)"
0.986207139246994,7341.594910138054,8617.487995384385,4.394511257962164,4.501246905488223,0.7281871603767338,-4475.2901755391895,93400,ANL_031,12,6,0.003418541169870016,0.0728006919952545,17888331.81498885,False,"(0.01, 0.3)"
0.8770352389554433,8560.689377135908,10044.274072436832,3.577827871833657,3.6601578837566406,0.7491569728583536,-7207.166182299523,93400,ANL_031,18,6,0.003546346868770026,0.07580371083312781,16993701.86112902,False,"(0.005, 0.1)"
6.130321138986861,49027.85634116132,60640.729949013876,33.09867916697849,43.04647175254181,-4.833346552829076,-49027.85634116132,93400,ANL_032,6,6,0.03172631362194737,0.24270381371566682,1230825.0846403893,False,"(0.001, 0.05)"
2.1748037877364905,21180.414088765683,24974.558068726205,11.09473276251078,11.987378421028783,0.06314816108875898,-21180.414088765683,93400,ANL_032,9,6,0.010758136116573603,0.1455671938556516,4152494.729021499,False,"(0.05, 0.2)"
2.0708544361594345,24081.58971910967,28190.28919485774,10.20511091283112,9.556566196203194,0.328662280994102,24081.58971910967,93400,ANL_032,12,6,0.0003888875361579514,0.10790165965875666,122910799.99999999,False,"(0.01, 0.1)"
0.2990588198299376,4016.430317097198,6533.919644427731,1.0796695745465494,1.0665051192396584,0.959291249590894,2683.727646246931,93400,ANL_032,18,6,0.002958012658364274,0.11256036858442366,16331354.364546094,False,"(0.01, 0.1)"
1.129761885186326,6598.487266619256,8357.2421078434,5.69305920373615,5.907538132690177,0.1898240155157933,-4686.671599655089,93400,ANL_033,6,6,0.022658512251549044,0.08097922805652007,3278686.768468403,False,"(0.01, 0.3)"
3.7677148520069808,19353.338301690357,21705.141922813444,14.451576962537885,15.84087803964779,-2.9279198140983618,-19353.338301690357,93400,ANL_033,9,6,0.019859185581841958,0.07182484228509863,3788511.6229359587,False,"(0.05, 0.2)"
1.0696470273811773,6161.166877715582,8149.897221376802,4.2453972661824295,4.411416250352959,-0.43309430332375043,-6161.166877715582,93400,ANL_033,12,6,0.000640732946106829,0.03992743650803874,119414099.99778575,False,"(0.005, 0.1)"
0.8412947018578193,5174.803711127446,5811.117803940272,2.869157544089643,2.8487529510771563,0.7325495070250437,1375.526758300417,93400,ANL_033,18,6,0.003324804203578461,0.04897992467444259,22432509.93386799,False,"(0.01, 0.1)"
4.388376819619845,24297.56477487116,27316.37707241126,16.713795334254243,18.631950911954252,-9.372034285216357,-24297.56477487116,93400,ANL_034,6,6,0.037799375474757986,0.10116449620087965,2560252.003751418,False,"(0.02, 0.2)"
1.0735959586787185,7281.261991253904,8804.047570329036,4.5956289676734565,4.559381240358604,0.7667604989547596,-371.10976116036665,93400,ANL_034,9,6,0.0009068723715942369,0.040750934038086446,109302699.96620844,False,"(0.005, 0.1)"
2.812568967939029,20148.22133396323,20799.681590193803,10.746620339585348,11.388360022425982,-3.4757014661632164,-20148.22133396323,93400,ANL_034,12,6,0.009073982388844843,0.05128851343883813,10917042.919684695,False,"(0.05, 0.2)"
1.0849268080149521,9342.24092459275,10425.647720781704,4.026693676396885,4.009212929243634,0.2986729578041569,2393.683108627311,93400,ANL_034,18,6,0.0003703612462197909,0.040987721640477814,264719099.99999976,False,"(0.05, 0.2)"
2.882959740881464,41431.59102815569,52113.492334966984,18.093658812655043,20.78759219554287,-1.4197639226509766,-41431.59102815569,93400,ANL_035,6,6,0.02335299119497061,0.1809277303435883,2984071.9462811276,False,"(0.01, 0.1)"
4.0530198119152425,55923.56736480651,66155.63421989187,19.273360659082993,22.059125872637363,-1.88865568817666,-55923.56736480651,93400,ANL_035,9,6,0.015628238190809066,0.16193714068838352,4497441.271622617,False,"(0.001, 0.05)"
0.40930918938388716,6858.0126780533365,7612.3260203516675,2.0620918652260554,2.035913130098981,0.9685686480606402,6226.181686420158,93400,ANL_035,12,6,0.004173298643246949,0.11524508205431705,18316448.62953853,False,"(0.01, 0.1)"
1.8969509071972392,36279.63244153713,44142.67415661876,6.894127120462773,7.16141554021215,0.5414934944412914,-25773.447878187948,93400,ANL_035,18,6,0.004447336212531627,0.11498828185503648,17274916.16286954,False,"(0.05, 0.2)"
1.3948126598692412,9114.26384464957,11588.375204462785,8.089026055186245,7.651501790161038,0.7705025829459048,9099.124598030414,93400,ANL_036,6,6,0.0008431195769179126,0.18269571483465438,22175099.99999988,False,"(0.02, 0.2)"
0.333941814727112,2689.609118539001,3428.7336911269426,1.7287641547348738,1.7466873002341,0.9858847697529838,-1978.7996559353244,93400,ANL_036,9,6,0.00439671941966428,0.19190413941304357,4241601.892804742,False,"(0.01, 0.3)"
0.6591115453843936,6777.164667336532,7426.090426172608,3.5168965967091284,3.4466426545661686,0.9470844268816785,6777.164667336532,93400,ANL_036,12,6,0.0032453557050065025,0.1821492948729796,5927202.302308828,False,"(0.01, 0.1)"
2.6782298851739768,35016.75294810879,40534.830934260426,10.948347232048095,11.761602681948629,-1.643746584671646,-35016.75294810879,93400,ANL_036,18,6,0.0032818931493627987,0.17377962444811773,6231007.09316935,False,"(0.01, 0.3)"
0.8561856589793507,5485.923991344292,5838.815486263936,4.956605186531066,4.8495050390838115,0.853765819148927,4364.777337710645,94721,ANL_001,6,6,0.0011732526883756755,0.09811688271455923,38658199.99999972,False,"(0.01, 0.3)"
1.214031493623525,7869.200387730986,10448.794858377652,5.3042866619781,5.539311850591147,0.6786579934718877,-7227.915318214208,94721,ANL_001,9,6,0.007924997379215964,0.1108517624123723,5701967.889542282,False,"(0.01, 0.1)"
0.9674284364642006,7179.0225828817975,8453.216481816606,4.291194439066926,4.359702372164786,0.835556440575869,-1764.4468790039002,94721,ANL_001,12,6,0.0032959476803762493,0.09715125521052716,14010078.289490912,False,"(0.01, 0.3)"
1.3100415123569877,13254.07528684281,15134.508386131312,5.061986088723653,5.1004562412027825,0.7372122626637284,-4365.513662840011,94721,ANL_001,18,6,0.003940979337302854,0.1015799411462994,11528091.426590031,False,"(0.05, 0.5)"
0.8003500658137818,5515.0522335096075,7384.299197390745,4.933108141589231,4.727789994265974,0.06646845505613053,4570.341244347733,94721,ANL_002,6,6,0.0013708899522963164,0.05631796784953902,50066899.999544,False,"(0.005, 0.1)"
2.690104325541638,17337.722378115857,19366.624531301728,14.418565487853652,13.262329568767559,-4.852785596506563,17337.722378115857,94721,ANL_002,9,6,0.0008309653405697533,0.05720035100650452,82115399.99991705,False,"(0.05, 0.2)"
1.813567816233774,12554.340772977563,16118.00899964982,8.364107716922147,8.889668617843661,-0.07909579777286768,-9887.430741150396,94721,ANL_002,12,6,0.013225037439350263,0.07593484427361112,5144325.133050896,False,"(0.02, 0.2)"
1.0832222938869482,8166.3491546552395,11284.454539463075,4.773016167712135,4.569113340499098,0.10973102400459478,7402.349581179103,94721,ANL_002,18,6,0.0003586142185611572,0.044029247281720224,200077399.99999994,False,"(0.02, 0.2)"
9.111756785728568,38342.272554345815,44782.426780682494,46.69332917327999,64.7801439079981,-5.002453599412214,-38342.272554345815,94721,ANL_003,6,6,0.028133504023070247,0.26865896600688366,507994.5438042685,False,"(0.001, 0.05)"
3.480142460689627,19996.898579122597,25583.945267798463,16.359090153618197,18.38611245616579,-0.1412870744462673,-19996.898579122597,94721,ANL_003,9,6,0.007891469040633921,0.19629079219645632,1916361.5489947833,False,"(0.05, 0.5)"
2.2377086365915524,17894.5491107069,20326.803599774084,11.751068702127853,10.934558171214782,0.5566774659099032,17894.5491107069,94721,ANL_003,12,6,0.0017087778854200607,0.16387934392197184,9502847.624508582,False,"(0.01, 0.1)"
1.3396787307895655,14314.467238486506,16610.394880922842,6.18214751309818,5.937831668931185,0.45811899601298456,14314.467238486506,94721,ANL_003,18,6,0.002465252827536693,0.15822792980264958,6985111.187320853,False,"(0.05, 0.5)"
1.2494430622077275,14179.429535770616,18991.068214342617,7.309067836100826,7.65308125377888,0.8154964418153052,-11164.986894039677,94721,ANL_004,6,6,0.008088029491755043,0.19728562499654584,4335721.063171635,False,"(0.005, 0.1)"
2.1778020844284187,33614.37517315264,40286.85946563261,11.957379725828803,11.163853197269875,0.5242360600436171,33614.37517315264,94721,ANL_004,9,6,0.0004448968263699712,0.1663603967722643,81874699.99999933,False,"(0.001, 0.05)"
1.5186351653671402,27829.403578579764,39941.15813914861,7.110571654440731,6.639268770948317,0.5604388555545935,27829.403578579764,94721,ANL_004,12,6,0.001835599824517776,0.1645164991963366,20408556.777622104,False,"(0.001, 0.05)"
2.270871919009359,60705.215300360425,68332.78372437404,10.354962504045966,11.0592783153379,-1.2271796924812697,-60705.215300360425,94721,ANL_004,18,6,0.003152867351764436,0.17616650624594687,11381856.098697698,False,"(0.05, 0.5)"
1.2588273585819127,6909.70337125612,7326.3720299639745,4.289193980516685,4.369222044866552,0.7057086233625456,-5164.620590360355,94721,ANL_005,6,6,0.0014448076599856156,0.04186614845848159,72334199.99999999,False,"(0.001, 0.05)"
2.549491173438664,15536.917897331898,16169.516113127902,8.517523675730361,8.921059196575143,-1.3162204127272483,-15536.917897331898,94721,ANL_005,9,6,0.012040524024448381,0.0608061495097633,8557715.901106311,False,"(0.01, 0.3)"
1.3384404343949792,9839.362338849998,11602.199507273692,4.939688838764514,4.796934319503349,-0.170912071255374,7842.025216504083,94721,ANL_005,12,6,0.000613470649124519,0.046137646480838394,167102299.99998945,False,"(0.05, 0.5)"
0.8891967830973208,7025.648394638178,11218.649782648463,2.7855947598464836,2.8739467318885343,0.39778097840030746,-4947.481344544843,94721,ANL_005,18,6,0.007268033274903357,0.059702686158565846,13859496.870694017,False,"(0.005, 0.1)"
1.1260278813704059,5426.778771476534,6313.367882499097,4.928846349692103,5.013272264404375,0.45190811486576643,-1238.2535205250072,94721,ANL_006,6,6,0.001402028576414992,0.05014533423387892,47546799.99997942,False,"(0.01, 0.1)"
1.8702015071098015,11424.827231745388,12889.910677247506,9.485117034090639,8.956092225727602,-1.3695887216249396,11083.252840919014,94721,ANL_006,9,6,0.0008291662577598468,0.05756701287411467,77961699.99999982,False,"(0.001, 0.05)"
2.439855527797661,12925.2455610321,14728.29984942577,9.26727074046088,9.84249687365387,-1.797381209146721,-12925.2455610321,94721,ANL_006,12,6,0.014901513292356994,0.08406124965415188,4264401.295517371,False,"(0.01, 0.3)"
0.9727453450306373,6480.543929222932,7283.269883168267,3.9555251062713315,4.017340181086904,0.3683435449730639,-3498.8602407159538,94721,ANL_006,18,6,0.007851649186553827,0.06513549077833536,8330897.620732577,False,"(0.005, 0.1)"
2.0744100148196893,5336.627204125132,6064.803569385086,8.084829680662091,7.697813415685863,-1.6906430413486544,5336.627204125132,94721,ANL_007,6,6,0.0013731718692120082,0.05586541768832995,30469599.999999624,False,"(0.001, 0.05)"
3.5163218453925107,7874.363232525854,9603.44816365516,10.189474863335239,11.000490683731153,-1.721209833056656,-7874.363232525854,94721,ANL_007,9,6,0.021271657890231787,0.08939432714262185,1932946.120812351,False,"(0.001, 0.05)"
4.739913890963223,10991.860313143714,11662.850468123634,12.917379741485943,13.902373478075816,-4.94801897978923,-10991.860313143714,94721,ANL_007,12,6,0.01549606798574341,0.07511687847693671,2695270.2679999797,False,"(0.01, 0.3)"
3.214196802545908,8983.301922315513,10403.730941853195,10.10026525316537,9.434353161199455,-0.1725737161887304,8588.692278980836,94721,ANL_007,18,6,0.0037361561731806218,0.04985077908663907,11504272.655583104,False,"(0.02, 0.2)"
3.9294791711733086,13586.567182248831,13989.910976651834,9.700234757609422,10.21890267652769,-1.5349526970463025,-13586.567182248831,94721,ANL_008,6,6,0.0014831450294460163,0.03460067358193499,61995999.988553286,False,"(0.01, 0.3)"
1.804004619904646,10763.819065238558,12806.745198152665,6.912394040926411,6.600979556026694,-1.1978882337683072,10763.819065238558,94721,ANL_008,9,6,0.0008547575171366529,0.05189689464565805,101704999.99999945,False,"(0.01, 0.3)"
0.8472715098143059,4680.404844896936,5943.13261533332,2.8044345837703033,2.7405520304560658,0.734292553238564,4495.745338386109,94721,ANL_008,12,6,0.005360277897287135,0.056006847216967144,16373461.128096232,False,"(0.005, 0.1)"
0.8898678910047384,5700.127293585941,6432.829856321789,2.7801479777416738,2.805374963571909,0.6327203527947707,-3171.130429829631,94721,ANL_008,18,6,0.006691991039026499,0.05742060858339722,13153267.674809853,False,"(0.02, 0.2)"
0.6864456471120384,3351.776805718661,4591.402306741533,4.075087553453035,4.083007216991463,0.933075664568056,150.3585612111868,94721,ANL_009,6,6,0.0011207809454562034,0.1102479871592458,26268499.99999988,False,"(0.02, 0.2)"
1.5241602026787509,8315.055985713925,9470.896053729537,6.837659034882858,7.158078137642489,0.7983679863083686,-8315.055985713925,94721,ANL_009,9,6,0.0006440195161515284,0.10338982848551796,46487699.999999985,False,"(0.005, 0.1)"
2.1315701524637185,14134.635460091687,20586.91877988211,8.830816217398844,8.108929794288326,-0.6389808193981878,13967.3304146192,94721,ANL_009,12,6,0.00037546352500731717,0.11227015283011312,75931499.99999121,False,"(0.05, 0.2)"
4.9714218715987215,38650.17312245392,46045.621690899236,16.050209078669123,17.992096644014097,-1.672674216562235,-38650.17312245392,94721,ANL_009,18,6,0.005117425854668671,0.1422347925885684,4983985.272225969,False,"(0.02, 0.2)"
1.3650923286633367,8567.319454691102,9252.696285664066,6.8483526282122815,7.116832312261928,0.7925820026228529,-8567.319454691102,94721,ANL_010,6,6,0.00116965695448351,0.09902842045647699,38862899.99999999,False,"(0.05, 0.5)"
1.2889188970842804,10870.580863146686,12425.98394987593,6.415530206635276,6.169757628931464,0.7956717306028838,10870.580863146686,94721,ANL_010,9,6,0.0006125015827008776,0.1121284544871281,70781999.99999999,False,"(0.05, 0.2)"
0.4964345386005726,4596.442262490101,4995.923402927113,2.1686894620473565,2.178692279852159,0.9756642843053132,-2821.7375660606826,94721,ANL_010,12,6,0.0036397101035953016,0.11831259389537409,11894442.077400139,False,"(0.01, 0.1)"
1.1858773039251884,14723.224788138943,18166.73895666787,4.190648323435122,4.240011336945473,0.7036438829027054,-4381.838289006661,94721,ANL_010,18,6,0.002814085369410824,0.11404676495305749,15586447.906808702,False,"(0.05, 0.2)"
1.0200162321047728,3970.5151850910383,4905.398953857991,4.040309314957757,3.994085733650248,0.5633851056861756,1620.7269927968398,94721,ANL_011,6,6,0.0013840551032936702,0.053702647617633076,44356899.99996374,False,"(0.02, 0.2)"
2.438527179680865,11104.13832857428,12219.721629879828,10.034836118778646,9.475621760451595,-2.093546112754674,11104.13832857428,94721,ANL_011,9,6,0.0008368391121250361,0.05588347269333385,72548399.99999999,False,"(0.05, 0.5)"
1.5753031743530665,7014.538616635233,8633.092325570033,5.535133238425749,5.753751771503062,0.00927837560160516,-6137.582465299097,94721,ANL_011,12,6,0.013723924971379795,0.07972691666577732,4344812.569971005,False,"(0.05, 0.5)"
1.5984606416104332,8004.150622219396,9282.560739673556,5.168622773531987,5.350054239544367,-0.2615412828062669,-8004.150622219396,94721,ANL_011,18,6,0.0075137605031482535,0.06061727259087672,8248571.100309498,False,"(0.01, 0.1)"
6.6516966633553825,9519.908264594224,11023.910230163163,32.55513448467599,40.99148898332384,-5.007438857202955,-9519.908264594224,94721,ANL_012,6,6,0.0349602845079735,0.17302410273000002,298925.4008707779,False,"(0.01, 0.3)"
0.6996100447916429,1544.9138814111454,1826.3366661977022,4.3888612240509435,4.439462576887873,0.7978402516069731,-84.94245340913282,94721,ANL_012,9,6,0.0006806508255930306,0.09352757553617214,16087299.999999996,False,"(0.01, 0.3)"
1.3915010727086345,2998.5583115895884,3628.6538009001224,6.913423083553656,6.617599102993927,0.3319978221182297,2545.668582781218,94721,ANL_012,12,6,0.002620160791775369,0.1021096844291906,4100132.88036,False,"(0.001, 0.05)"
2.3980086272341192,6502.129863079807,7097.9952078100405,10.30026316950795,10.954651165875921,-1.140382711324218,-6502.129863079807,94721,ANL_012,18,6,0.005730257703412149,0.1154097908223983,1810395.8852952253,False,"(0.001, 0.05)"
3.0302589075232014,5067.198945160298,6279.671092497346,20.72719680808356,18.286749179609178,-0.3685291485912727,5067.198945160298,94721,ANL_013,6,6,0.000743250863565022,0.21365160567941568,4620699.999999849,False,"(0.005, 0.1)"
5.15675609531085,9411.079873942303,11487.106229304016,25.313321495365482,30.56956409271838,-1.5024022303337237,-9411.079873942303,94721,ANL_013,9,6,0.008775020206882948,0.24677812727785015,375362.5568629085,False,"(0.05, 0.5)"
2.80930663570016,6515.037479701007,7447.09347485279,13.342819981280647,14.496193166790459,-0.1596950305230702,-6515.037479701007,94721,ANL_013,12,6,0.004548780836720538,0.20738008954819204,806726.6504482063,False,"(0.005, 0.1)"
3.82842617604171,11612.742599633342,13989.489247459396,15.64215520989651,17.525918011509308,-3.5094094989058515,-11612.742599633342,94721,ANL_013,18,6,0.0031834146520888346,0.19346696913073472,1213940.9936768846,False,"(0.02, 0.2)"
0.42218977194478763,2093.723517028591,2584.2326738675984,2.8347337328306366,2.80576432909458,0.9706172226534384,598.1818324652608,94721,ANL_014,6,6,0.007474558395133134,0.14745646147953956,3213002.1277954252,False,"(0.01, 0.1)"
4.204706851757118,22526.71695828876,27766.0147107444,18.375322695356846,20.91148148769988,-0.4794228250057162,-22526.71695828876,94721,ANL_014,9,6,0.010767873967524873,0.1521603344284094,2238176.6135583795,False,"(0.001, 0.05)"
1.0811825549238687,7194.680167079297,8317.834097636876,5.066892046862692,5.048843012570488,0.8805653256974907,1057.3384300006583,94721,ANL_014,12,6,0.0013214581449715716,0.11895652394278838,19258982.989980385,False,"(0.001, 0.05)"
2.1437155453822485,22423.895109270492,23165.207802649806,10.036656574741572,9.537139943756296,0.19792265113298113,22423.895109270492,94721,ANL_014,18,6,0.002182750523072784,0.12378631764158338,11511477.010590147,False,"(0.005, 0.1)"
0.8967777717234996,6510.247911603918,8291.505051274495,6.161421556318785,5.8913149517765,0.9151566070946294,6510.247911603918,94721,ANL_015,6,6,0.0040025928380630115,0.2562562014442785,3020587.4858780736,False,"(0.02, 0.2)"
2.6332882856244177,26258.163301139586,30584.84465510247,16.925322576281665,15.346104214638576,-0.04151151286008736,26258.163301139586,94721,ANL_015,9,6,0.002776045123580891,0.23859674739026776,4584269.847302901,False,"(0.05, 0.5)"
0.9450612223752307,11478.026289716916,13544.507819448749,6.14379864110437,5.886684382866933,0.7433861625140579,8584.548355362902,94721,ANL_015,12,6,0.0035303441246185667,0.22803258360376402,3868893.397344134,False,"(0.01, 0.1)"
3.785847948638569,50952.61405603572,56843.43620269217,19.28904407207378,21.757712859046563,-4.336311113639932,-45378.904928823446,94721,ANL_015,18,6,0.0037438878011228412,0.2058171198985795,4314935.443232405,False,"(0.01, 0.1)"
2.1625931484823786,31305.698417430915,36236.00663951124,11.88341461301809,12.876552032408192,-4.361155640431013,-31305.698417430915,94721,ANL_016,6,6,0.03171320932907811,0.08590200933335622,5636859.4427744765,False,"(0.005, 0.1)"
2.4430722442102755,32991.24758581556,38707.02741869918,10.852768573941722,11.684627988500152,-1.560609402637461,-32991.24758581556,94721,ANL_016,9,6,0.017691974018087288,0.06326300564823817,10177691.396752479,False,"(0.01, 0.1)"
1.8405576928938931,28287.363858659617,30973.200224834487,8.164408418065653,8.570434446013252,-0.3299793627744634,-28287.363858659617,94721,ANL_016,12,6,0.0032854064493312166,0.039501524361798844,55636089.379020065,False,"(0.001, 0.05)"
0.9339256247098173,14079.7528445223,16761.37853461096,3.559669195246319,3.470809340550897,0.7774168818915822,13724.738376755326,94721,ANL_016,18,6,0.00036619417223715864,0.04203544206061642,479575399.99999994,False,"(0.01, 0.1)"
0.4515654710369182,227.58899740260676,299.39053263836246,2.6271286983363713,2.659662783553774,0.9496361981017785,-84.6406570344734,94721,ANL_017,6,6,0.00859907658635379,0.13379935017927888,325109.3523495561,False,"(0.01, 0.3)"
2.237741732118341,1179.8493282593952,1393.12732709188,10.703350355155678,11.48346259159777,0.06850517623917396,-1179.8493282593952,94721,ANL_017,9,6,0.010819455608027748,0.1384339567912264,257854.7569934561,False,"(0.01, 0.1)"
0.4882382935782142,307.9895926490208,325.6171016496822,2.4529215506310234,2.4288309394510947,0.9759092357600112,66.55412249301419,94721,ANL_017,12,6,0.00370745168699609,0.1150700594265673,780489.9678649725,False,"(0.05, 0.2)"
2.352062202927453,1835.8537276849631,2063.916576365754,9.248612512782284,8.762346392188649,-0.18169832812459097,1835.8537276849631,94721,ANL_017,18,6,0.0022949337748804535,0.10546278777054602,1308414.1665241236,False,"(0.05, 0.5)"
7.893696073988631,13840.806696131665,15794.033021035206,28.928987037690217,35.36388583875385,-8.372502211455533,-13840.806696131665,94721,ANL_018,6,6,0.040539094471569906,0.1562097227463326,556799.2983604857,False,"(0.01, 0.1)"
1.5023290499299844,4242.577237002276,4916.712577181743,7.682731180783481,7.327953528366519,-0.12992393839236227,4242.577237002276,94721,ANL_018,9,6,0.0007623116889717056,0.07306321354343764,30714599.999999985,False,"(0.05, 0.5)"
0.7677051819882492,2079.0154242043595,2916.6816329186786,3.3096889551209556,3.2096536504145847,0.4921843034640139,2079.0154242043595,94721,ANL_018,12,6,0.005525209892127145,0.07918800168955517,4266371.943912398,False,"(0.05, 0.5)"
4.334174779698578,11562.04860349003,12927.99246191772,13.501339969136106,14.683878429100563,-2.2705039043261497,-11562.04860349003,94721,ANL_018,18,6,0.008499491242738497,0.08957480192482607,2704766.82338171,False,"(0.005, 0.1)"
1.6343222281200593,2501.493602360563,3427.054186046754,6.689406303064276,7.111872970968334,-0.2014567333704076,-2501.493602360563,94721,ANL_019,6,6,0.018931948499061626,0.07083805303617087,1206716.514386703,False,"(0.005, 0.1)"
2.6752670206368685,4637.575380274012,5396.402001312695,11.350494814623417,12.244454407137473,-1.4796848360939059,-4415.60904053431,94721,ANL_019,9,6,0.020174677436626057,0.0807259335896962,1111116.1669119578,False,"(0.05, 0.5)"
1.2737901231437812,2482.6169500072297,2795.3786577990727,5.821579568590422,5.617821465226436,0.14238640231523536,2361.7804550219093,94721,ANL_019,12,6,0.0006193679182592981,0.04477415873400387,37035099.99995493,False,"(0.01, 0.1)"
0.8405112468404412,1785.6414229934926,1898.6718543868592,3.3899965684285083,3.418655283416188,0.6440214526062809,-1021.1319369303492,94721,ANL_019,18,6,0.005597257909474817,0.05188131048456983,4100096.727533336,False,"(0.01, 0.3)"
1.7190291940829123,1543.3444104476387,1645.8999844327877,11.73272700270065,11.047938732992012,0.27777778984326507,1543.3444104476387,94721,ANL_020,6,6,0.001154652244145548,0.1023649794988169,4800599.9999998845,False,"(0.005, 0.1)"
0.9599954204714681,878.995806869188,925.6776252390493,5.405691323541506,5.566552764800236,0.6819044542213168,-878.995806869188,94721,ANL_020,9,6,0.00828116705973934,0.1023221953588365,690842.8768428107,False,"(0.005, 0.1)"
0.9480267204957171,897.9536728040797,988.4819935475863,4.5814075322047145,4.471914133866718,0.7916679938447264,725.7959785688272,94721,ANL_020,12,6,0.003917544002924864,0.0942332851224636,1464130.089091165,False,"(0.001, 0.05)"
1.3761579875295964,1542.754054490532,2039.3939576689681,5.412686529470641,5.606264123957862,0.550042895306379,-1165.2572794713033,94721,ANL_020,18,6,0.005340235022810977,0.09792702852922691,1068481.055234852,False,"(0.05, 0.5)"
1.5648663016212216,822.4937281321141,918.1234983937076,6.901383240555149,6.620413691154314,-0.051813735979233444,822.4937281321141,94721,ANL_021,6,6,0.008302746295598375,0.07065702557415869,904453.0577192552,False,"(0.001, 0.05)"
1.780520117221662,863.552256852506,968.6421296874443,6.233932724132709,6.455047240389031,0.1219177663174309,-649.9301663625096,94721,ANL_021,9,6,0.01717738870492357,0.0826307996131594,437064.20138379757,False,"(0.02, 0.2)"
1.627247983126254,837.2930531358725,1086.1136265324465,5.294192487807859,5.531996530959271,-0.1087228303336143,-810.7167669920582,94721,ANL_021,12,6,0.010712577164423155,0.06504540185172647,718993.7374174409,False,"(0.05, 0.5)"
0.8142001357273551,583.3983443114654,733.4571173200072,3.0714249509130225,3.1206331808806036,0.6729238277292029,-259.29237482398577,94721,ANL_021,18,6,0.005948806227682515,0.05522349351881728,1309404.7852500023,False,"(0.05, 0.5)"
2.0382479528923554,18444.105725722922,21401.28275276959,7.4704638026270755,7.127412329592127,-0.45932787984812395,16257.312262974321,94721,ANL_022,6,6,0.0014077383039584296,0.049040369184053995,119327699.99999999,False,"(0.05, 0.2)"
8.088886044984374,52825.48142752608,59215.88663884987,18.026988796078136,20.257655539153884,-5.8716073936141715,-52825.48142752608,94721,ANL_022,9,6,0.026729090969353435,0.0926393967864853,6138782.575181089,False,"(0.05, 0.5)"
3.1659666624235805,39744.10640430998,42601.268480729464,12.215626825174434,13.116739168811497,-4.535259891636901,-39744.10640430998,94721,ANL_022,12,6,0.014088528647433788,0.0653304224239927,11911323.835633138,False,"(0.01, 0.1)"
0.5801992537788144,9540.148071149306,13006.416060816297,2.436278049635682,2.4842532134612902,0.41998859460065774,-5355.517553791094,94721,ANL_022,18,6,0.004604714622129346,0.049316471977506805,36665723.595534146,False,"(0.05, 0.2)"
6.529739342184511,61216.306332979795,69053.621375729,31.832155577666633,39.75717908666365,-23.74228355601119,-61216.306332979795,94721,ANL_023,6,6,0.05109710932939763,0.16726189841310715,2155280.337802163,False,"(0.001, 0.05)"
0.34334725208774375,4239.523113559927,5670.448170979834,1.9033421550323293,1.9318220628255542,0.8891057402562539,-2916.348254808336,94721,ANL_023,9,6,0.005563851236302528,0.054079858880135334,21713798.698022634,False,"(0.005, 0.1)"
0.5396354578645031,5604.604807611831,7538.425851194359,2.411216426521071,2.429345734606153,0.5030854727715353,-2005.630691242254,94721,ANL_023,12,6,0.006425082817109426,0.055774878638248475,18766773.910715904,False,"(0.05, 0.5)"
1.4752371984699355,15473.068745481287,18294.583534397934,5.319178111159198,5.522170829062277,-0.5009703779037546,-15415.374929615617,94721,ANL_023,18,6,0.008410030823083668,0.06274693631228268,14079820.05171963,False,"(0.05, 0.2)"
4.168344667190014,45682.55654560224,57278.01701957177,27.41924444227631,23.385146736613237,-0.8364747818125835,45682.55654560224,94721,ANL_024,6,6,0.0006435971945951403,0.24880347401857245,27308999.99976447,False,"(0.005, 0.1)"
2.816408965938686,37897.246994550216,47769.884897581665,15.305014885311563,17.232544682798594,-0.27867123957396944,-37897.246994550216,94721,ANL_024,9,6,0.006130461342537523,0.2688202460901762,2800417.195812693,False,"(0.02, 0.2)"
1.078929517709332,18558.27429611178,25517.49191368327,5.9908882603552085,6.311007033861726,0.38921887055443405,-16082.23223592683,94721,ANL_024,12,6,0.004101216524115066,0.24094175754186944,4587063.827020948,False,"(0.05, 0.2)"
4.823368163085655,92501.98717657867,100926.46781785358,25.05357685513286,29.517540025796524,-181.23141827997833,-92501.98717657867,94721,ANL_024,18,6,0.003811730477587333,0.21907560815886729,5666847.731455456,False,"(0.005, 0.1)"
3.6422797796493565,10598.305702823698,12687.439607338923,16.543371395458095,18.631116671749318,-4.6979271053768095,-9831.159801959457,94721,ANL_025,6,6,0.038460420277541166,0.1348998037498806,975478.2944438765,False,"(0.05, 0.5)"
0.8543964871688872,2692.3101306300596,3441.589308867903,3.890665459093814,3.9142958938608383,0.6570375289753279,-173.69423717244595,94721,ANL_025,9,6,0.009546357680727084,0.06227490649275558,4201575.585493386,False,"(0.01, 0.3)"
1.246061783298302,4279.54255556605,4835.929763508666,5.252310732413724,5.409243481090345,0.3826142990008543,-3279.432496350392,94721,ANL_025,12,6,0.005418767393018052,0.05158868258637461,7529917.690734595,False,"(0.001, 0.05)"
1.523892180023283,5793.210583433218,7683.019616656349,6.054940768399672,5.743683880167663,-0.786504516768235,5793.210583433218,94721,ANL_025,18,6,0.0005281277552821249,0.04357108821257285,77751543.20817947,False,"(0.05, 0.5)"
6.419030595688054,58187.22854379306,67693.97999419212,34.665625146297366,44.4817168882398,-9.051844760114742,-58187.22854379306,94721,ANL_026,6,6,0.03985543250350241,0.20853143554527695,1565670.9878871506,False,"(0.001, 0.05)"
4.897366269670672,62548.549825450114,70562.41335338108,30.164255757883083,36.82557171863312,-7.362606950038716,-62548.549825450114,94721,ANL_026,9,6,0.02386300978040518,0.16050074626193178,2704648.3702260326,False,"(0.005, 0.1)"
0.5358624151725148,7488.677252035894,8966.455983228183,2.9658609669410714,2.9334234429410855,0.8692174792406966,3102.6066800788926,94721,ANL_026,12,6,0.00323720420641436,0.08856108387079042,22219626.92074403,False,"(0.001, 0.05)"
1.8380018606326103,26542.36863388251,28675.856779894446,7.501943822902373,7.82819870084457,0.04244190439907969,-26542.36863388251,94721,ANL_026,18,6,0.00515111925766015,0.09706478862515198,13590458.162018333,False,"(0.05, 0.5)"
0.984553310610575,6192.840323740517,7606.592972162548,5.40213899656091,5.19991988970229,0.8342892898416481,6192.840323740517,94721,ANL_027,6,6,0.0011008174303537182,0.11498295321084685,35555199.99999393,False,"(0.05, 0.2)"
0.6369783424986672,4677.252346674902,5076.558548424172,3.350066945534986,3.3470535734447275,0.9573369845651797,-1143.9288357387316,94721,ANL_027,9,6,0.004992567070655607,0.12199687207280817,7815497.57753325,False,"(0.02, 0.2)"
1.0831895054710972,9583.568385542143,11981.730063541618,4.802855138346121,4.646395463440797,0.7754114270867569,8893.929931319226,94721,ANL_027,12,6,0.0010814913336814275,0.1054895835527768,37501217.707434215,False,"(0.01, 0.3)"
1.273970649356902,13369.272812701218,15627.47277308707,4.967546275914484,4.808454445676407,0.3652755609386287,12809.414433858698,94721,ANL_027,18,6,0.003502485827580595,0.11572502729733729,11259476.419148244,False,"(0.01, 0.3)"
6.060758038654504,3557.664968690194,3962.3310650113553,29.914085993852186,36.23535993944947,-6.197479457538859,-3557.664968690194,94721,ANL_028,6,6,0.032151468748216484,0.15737042610048485,141276.30528245974,False,"(0.02, 0.2)"
1.9533646707914651,1470.3952559382753,1809.006047400413,10.020670409648744,9.365874573780724,-0.6616603263089198,1470.3952559382753,94721,ANL_028,9,6,0.0006684103920400111,0.09677308128820229,6907799.999999979,False,"(0.005, 0.1)"
0.8718527757553488,697.8785173205315,772.928236111287,4.056427104804305,4.014574424349448,0.8750433597171605,305.78609121943646,94721,ANL_028,12,6,0.005797622447290316,0.10840098423610671,788371.2485572236,False,"(0.05, 0.5)"
0.9438424594177167,895.7064939874132,1092.0642845610653,3.7637196120542606,3.7400130893402057,0.7898697603249862,212.1344538383928,94721,ANL_028,18,6,0.003933405468733888,0.09452756501846485,1230117.0234902843,False,"(0.05, 0.2)"
3.0564840270404723,26349.337500310503,28753.940539573636,21.373788569288337,19.176579855691376,-0.72178277779516,26349.337500310503,94721,ANL_029,6,6,0.0009952264177452716,0.1409570732060359,38298899.99999997,False,"(0.01, 0.3)"
2.1888733728774867,18641.540080111117,24688.781244443304,10.546204366955344,11.459068437282353,0.18003037772869201,-18641.540080111117,94721,ANL_029,9,6,0.010262373051366182,0.14429463751585553,3864991.468010666,False,"(0.05, 0.2)"
1.0540898351953818,10025.54424889193,10608.477826677728,4.824015194530424,4.8879281960666345,0.9016094231766689,-5299.58134674521,94721,ANL_029,12,6,0.0040410721014924105,0.1218462644959753,10193489.756303357,False,"(0.001, 0.05)"
0.6091908181976631,7309.322280013643,11650.589562675923,2.474108158880272,2.396972729005627,0.9007958271262413,6845.872142978595,94721,ANL_029,18,6,0.0029197175100467553,0.11738942651479187,14184513.986753913,False,"(0.001, 0.05)"
0.2100042042790573,1551.343057850252,1790.6034492962283,1.5076590802429115,1.5175936032524258,0.9952524263994957,-582.191440400505,94721,ANL_030,6,6,0.0009681598805026334,0.14796099364154341,28349999.999996208,False,"(0.01, 0.1)"
0.37467767221886966,3155.5821901363474,3624.177390256432,1.9026808980863774,1.9182568024444773,0.9874259493525376,-1579.4332147905952,94721,ANL_030,9,6,0.0025460257872275053,0.1540536981806576,10702213.084859151,False,"(0.005, 0.1)"
1.540850851424688,16981.156924150968,24977.2426096349,6.968497921975159,6.525217502366615,0.47930005760004535,16981.156924150968,94721,ANL_030,12,6,0.0018523072085394423,0.15255466523781142,14708979.62926908,False,"(0.005, 0.1)"
3.9991683432602207,57967.23939996691,65124.91808954535,15.817646330646703,17.498811385525915,-3.1305903806407525,-57967.23939996691,94721,ANL_030,18,6,0.0036933115350383868,0.17332651700309865,6661935.199611648,False,"(0.005, 0.1)"
0.8521871082295862,2378.113344225483,2592.383811320842,4.7234854222986264,4.609084420936104,0.6595799325183875,1828.039213021064,94721,ANL_031,6,6,0.0013995776935223077,0.05062288116641923,23826199.999997396,False,"(0.05, 0.5)"
0.8442228470922503,2560.6334230866814,3000.2182154813004,4.527530089153059,4.390583556409262,0.6395090097821502,2560.6334230866814,94721,ANL_031,9,6,0.0008679308438111587,0.049037254706724646,38351699.99999995,False,"(0.01, 0.1)"
0.6400265918748699,2117.6734398070694,2395.47323740138,3.2466505172517444,3.1999440041405016,0.7084244548241543,1197.8848462503374,94721,ANL_031,12,6,0.0006204366283449308,0.04453899751441525,54520999.99984389,False,"(0.01, 0.1)"
0.9799408637044926,3055.5709001910436,3994.751896941591,3.9315573889507966,3.8124669543511436,-0.007954266999999238,2476.9221280971055,94721,ANL_031,18,6,0.00412611084010265,0.05106908861464303,8134876.777706419,False,"(0.01, 0.1)"
3.3884885044363444,13743.031676292927,15917.230120225144,13.207806648512852,14.381044812632634,-0.7593597956905376,-12737.697227859275,94721,ANL_032,6,6,0.023662891348586422,0.10435392561660461,2241254.4845148902,False,"(0.005, 0.1)"
0.9889281108163661,4895.07053252716,5614.50164103415,3.8465605647496854,3.941271218133972,0.8497462935287647,-4693.499273093112,94721,ANL_032,9,6,0.0008053917266455442,0.06299658978237672,67104999.99998256,False,"(0.01, 0.1)"
0.9283739886206541,5020.562132825168,5604.649164632356,3.3907655374828116,3.438253617737802,0.8630143960194173,-3172.787024841377,94721,ANL_032,12,6,0.0005385215659642015,0.06439493539883827,99597399.99991246,False,"(0.05, 0.2)"
2.7483709094786124,19321.3708313887,21518.768564370945,9.745464305282018,9.215405655655976,-0.9153702222316737,19321.3708313887,94721,ANL_032,18,6,0.00028451308343423225,0.0652262264526326,187522399.9989509,False,"(0.05, 0.5)"
2.7148135248713476,15050.92618188675,18117.28359034857,9.863079148411435,10.525371323662059,-0.13355354372679829,-13211.567926681942,94721,ANL_033,6,6,0.021034098576815746,0.09020756603211838,3986916.312006544,False,"(0.01, 0.3)"
1.0867619972403713,6504.542243982932,7707.544014203824,3.876317029530038,3.952981275058239,0.706110841221419,-4123.569122831458,94721,ANL_033,9,6,0.0008521862449821086,0.05249657423780958,101064999.97907576,False,"(0.005, 0.1)"
1.5267094330455837,11169.26742039485,12570.54188209856,5.8848748459316935,5.672798670974765,0.46183292205766224,11169.26742039485,94721,ANL_033,12,6,0.0005664500366742298,0.05736805533413958,148506199.99999866,False,"(0.05, 0.2)"
1.6196290670353488,13300.96553228265,15400.319770495444,5.860790387313669,5.672632841945722,0.4095674414146342,7178.675872248587,94721,ANL_033,18,6,0.004256527275661484,0.06275048624317256,19798473.270824526,False,"(0.005, 0.1)"
6.970208256425461,18721.979376758787,21665.014585623045,39.88828105840806,53.99676651847919,-20.430359345131663,-18721.979376758787,94721,ANL_034,6,6,0.05362203858916562,0.2265810200394205,427097.09890133375,False,"(0.02, 0.2)"
4.108405688866997,9998.318794568944,10560.424358288716,19.39090851103841,21.70453178368133,-18.413599738176167,-9998.318794568944,94721,ANL_034,9,6,0.02573751994177331,0.10699096169308032,1018539.841398371,False,"(0.001, 0.05)"
1.9587121963434853,5122.744652418703,5739.538651436436,9.133499530553031,8.644679242540445,-2.079938760211116,5122.744652418703,94721,ANL_034,12,6,0.0005905465195373439,0.0515474368308979,46814699.99887056,False,"(0.01, 0.3)"
1.7192212820622994,4026.921895908159,5141.573465359621,5.713939070973063,5.981330945615407,-0.41411162115456857,-4026.921895908159,94721,ANL_034,18,6,0.009041316700234612,0.06805739768769582,3009683.770272667,False,"(0.01, 0.1)"
0.45201626396740896,694.5681912123206,975.2092124255212,1.967708803879523,2.004528201448247,0.9275532118637528,-502.12859979084897,94721,ANL_035,6,6,0.001315194465125059,0.06761582526665413,14199499.999999952,False,"(0.01, 0.3)"
1.7600887843568154,3403.351675651947,3780.188538143889,7.914186264048813,7.569777947232738,0.12970000590066744,3403.351675651947,94721,ANL_035,9,6,0.0007586023050717641,0.07397623630040787,23989399.999999978,False,"(0.05, 0.5)"
0.84622469392771,1606.1344690747937,1979.753196116694,3.1256772074487045,3.140335111501844,0.8400267331762401,-473.5947544296262,94721,ANL_035,12,6,0.006425105001269201,0.08184996444934849,2844549.7671355107,False,"(0.05, 0.2)"
1.0226096748142703,2257.982315500192,2640.014408642801,3.523383655075845,3.442118334309475,0.6673069663649724,2004.6357909797468,94721,ANL_035,18,6,0.003757093521899648,0.07197062949211447,5004098.203235854,False,"(0.02, 0.2)"
0.6130570656489877,8712.276571350894,10407.437058548701,4.136407696497182,4.036708922597557,0.7579228631425299,4924.531605166233,94721,ANL_036,6,6,0.0013899056538639908,0.05253897958884882,100551199.99999815,False,"(0.001, 0.05)"
1.5732566946764515,23299.931648158246,23886.64163854332,9.350853295798043,9.827096658406731,-5.184232809905157,-23299.931648158246,94721,ANL_036,9,6,0.01723138011405298,0.07705681806925463,8029750.1041715555,False,"(0.001, 0.05)"
1.2552593974618105,18404.727400075746,20765.20462541699,6.760765760860306,6.486459739765264,0.15243233314870797,18404.727400075746,94721,ANL_036,12,6,0.000603697854859429,0.048430293657173655,233291299.9901233,False,"(0.001, 0.05)"
0.5051632073729583,7728.610771530036,8580.123866629865,2.2311751746362107,2.261716222512646,0.7531753775953018,-7728.610771530036,94721,ANL_036,18,6,0.005628134083985953,0.05561942910212148,25025936.529601503,False,"(0.001, 0.05)"
