seed,drug_id,cutoff_month,forecast_start,forecast_end,top_analog,top_similarity,analog_2,analog_3,analog_4,analog_5,MASE,MAE,RMSE,MAPE,sMAPE,R2,Bias
93400,ANL_001,6,7,12,ANL_005,0.5897186560642669,ANL_014,ANL_017,ANL_028,ANL_024,0.671579667316728,4363.790362290635,5169.746613946405,5.950431412871632,5.718077254826288,0.19887716060102545,3875.136162020853
93400,ANL_001,9,10,15,ANL_005,0.5897186560642669,ANL_014,ANL_017,ANL_028,ANL_024,1.6234267001002176,9287.827079610857,9777.251049620723,11.056149312253046,10.405143372547878,-0.7017467483357331,9287.827079610857
93400,ANL_001,12,13,18,ANL_005,0.5897186560642669,ANL_014,ANL_017,ANL_028,ANL_024,3.2398350895908066,19958.26774326744,20086.060519883264,20.317910411074312,18.428789815214387,-4.3128497408797895,19958.26774326744
93400,ANL_001,18,19,24,ANL_005,0.5897186560642669,ANL_014,ANL_017,ANL_028,ANL_024,8.832580466755301,47846.607951970334,48628.53564361443,39.264689956715436,32.71605137140451,-132.30191190657993,47846.607951970334
93400,ANL_002,6,7,12,ANL_016,0.5521034397865033,ANL_035,ANL_032,ANL_030,ANL_015,4.805186202307214,27687.482897694164,28163.372643082934,26.29438697589372,23.09887491037274,-3.790187751915015,27687.482897694164
93400,ANL_002,9,10,15,ANL_016,0.5521034397865033,ANL_035,ANL_032,ANL_030,ANL_015,4.343293791062866,30768.436127613222,31979.18978137859,24.50680099017966,21.507637393683996,-1.318883332839802,30768.436127613222
93400,ANL_002,12,13,18,ANL_016,0.5521034397865033,ANL_035,ANL_032,ANL_030,ANL_015,5.7203369111804445,44098.597278918336,44894.007813999,27.105879059036653,23.71182289431799,-4.598919539027555,44098.597278918336
93400,ANL_002,18,19,24,ANL_016,0.5521034397865033,ANL_035,ANL_032,ANL_030,ANL_015,7.060127876105447,71060.60237464111,71460.53312531771,30.968441502172624,26.771678929355424,-10.920423847106164,71060.60237464111
93400,ANL_003,6,7,12,ANL_033,0.5213366674440251,ANL_025,ANL_036,ANL_014,ANL_007,12.577700986950765,27047.088202338924,27177.927675791118,75.61128207851854,54.04070791907013,-11.179777796545064,27047.088202338924
93400,ANL_003,9,10,15,ANL_033,0.5213366674440251,ANL_025,ANL_036,ANL_014,ANL_007,10.2803511169207,28006.24653027122,28250.05225139096,55.81334187025803,42.838667848199535,-6.061885334271838,28006.24653027122
93400,ANL_003,12,13,18,ANL_033,0.5213366674440251,ANL_025,ANL_036,ANL_014,ANL_007,11.260996381498268,39464.67368243256,39490.1508434662,56.45576148689815,43.90442999370782,-14.498168355661015,39464.67368243256
93400,ANL_003,18,19,24,ANL_033,0.5213366674440251,ANL_025,ANL_036,ANL_014,ANL_007,9.70591454399772,42378.30664369263,42546.76923345913,37.40195432773314,31.38427719715265,-8.537655656449852,42378.30664369263
93400,ANL_004,6,7,12,ANL_020,0.5558287330442346,ANL_026,ANL_024,ANL_018,ANL_021,7.395423518922736,42677.510042999325,43009.04048328812,29.553194755547775,34.80838552311853,-39.34843832415461,-42677.510042999325
93400,ANL_004,9,10,15,ANL_020,0.5558287330442346,ANL_026,ANL_024,ANL_018,ANL_021,4.43635368568758,27950.69185246389,29021.187448582314,17.22282364408404,18.991890997023226,-5.255968657986447,-27950.69185246389
93400,ANL_004,12,13,18,ANL_020,0.5558287330442346,ANL_026,ANL_024,ANL_018,ANL_021,1.7817916368130253,12443.546848328493,15789.07085409817,6.79254589986795,7.125174203952407,-0.686160683603747,-8709.426889168119
93400,ANL_004,18,19,24,ANL_020,0.5558287330442346,ANL_026,ANL_024,ANL_018,ANL_021,3.2757516638644035,34855.73192498636,36413.96731421012,15.242407702485295,14.084319658170639,-3.8723210292324906,34855.73192498636
93400,ANL_005,6,7,12,ANL_001,0.5897186560642669,ANL_009,ANL_028,ANL_031,ANL_020,3.5778458161743956,17620.8906446589,18432.54111444344,15.042717783154652,13.859047665710792,-1.309730456972071,17620.8906446589
93400,ANL_005,9,10,15,ANL_001,0.5897186560642669,ANL_009,ANL_028,ANL_031,ANL_020,1.8705173224577445,8485.835647994865,9325.61009050014,6.085215021691695,5.862477212191748,0.35798609083210164,8485.835647994865
93400,ANL_005,12,13,18,ANL_001,0.5897186560642669,ANL_009,ANL_028,ANL_031,ANL_020,3.5167316155877093,19345.54061734799,19701.013820116335,12.04142192561289,11.33542729622235,-4.046910315150953,19345.54061734799
93400,ANL_005,18,19,24,ANL_001,0.5897186560642669,ANL_009,ANL_028,ANL_031,ANL_020,3.3512251243671023,21866.152543826338,24898.950031395278,11.14989892614589,10.373779687662028,-0.4323393992766691,21866.152543826338
93400,ANL_006,6,7,12,ANL_008,0.3836745420566059,ANL_029,ANL_035,ANL_011,ANL_015,6.711705176082274,36899.61271706513,37183.97245935729,21.900495290792808,24.625665586362633,-6.4150453176642435,-36899.61271706513
93400,ANL_006,9,10,15,ANL_008,0.3836745420566059,ANL_029,ANL_035,ANL_011,ANL_015,3.102759469540652,18837.628429448683,20242.679727322164,9.668314696425611,10.24684961515999,-0.683823438757929,-18837.628429448683
93400,ANL_006,12,13,18,ANL_008,0.3836745420566059,ANL_029,ANL_035,ANL_011,ANL_015,2.132621988300736,14070.264379903418,16637.80985913097,6.230871077536749,6.026736912752842,-1.5375411616911556,10331.870662509935
93400,ANL_006,18,19,24,ANL_008,0.3836745420566059,ANL_029,ANL_035,ANL_011,ANL_015,4.084670019607774,31027.87429306176,33114.7709062408,11.492292547198819,10.79624644834415,-7.492355984520762,31027.87429306176
93400,ANL_007,6,7,12,ANL_011,0.41011388198674287,ANL_003,ANL_023,ANL_025,ANL_027,4.098139667281925,17142.51822824029,18587.60913346225,17.24908739186649,19.017268791095308,-0.3118416557274939,-17142.51822824029
93400,ANL_007,9,10,15,ANL_011,0.41011388198674287,ANL_003,ANL_023,ANL_025,ANL_027,0.4799431789797561,2340.6828838842703,2698.8750625349057,1.882659930833511,1.8993014641650172,0.9694318258096593,-1582.106494730656
93400,ANL_007,12,13,18,ANL_011,0.41011388198674287,ANL_003,ANL_023,ANL_025,ANL_027,2.4308119593960615,16265.004786129846,16456.478381868776,10.720570081625635,10.160553636022247,0.24069461205211606,16265.004786129846
93400,ANL_007,18,19,24,ANL_011,0.41011388198674287,ANL_003,ANL_023,ANL_025,ANL_027,3.8199453550576417,30708.316006640438,31426.958852290205,15.164943769887888,14.070227500766345,-4.703678219000016,30708.316006640438
93400,ANL_008,6,7,12,ANL_032,0.5735487789229535,ANL_034,ANL_006,ANL_022,ANL_036,14.53978279120997,56646.99375455404,56849.35006745162,33.10421893137113,39.67178719380338,-15.021487621344527,-56646.99375455404
93400,ANL_008,9,10,15,ANL_032,0.5735487789229535,ANL_034,ANL_006,ANL_022,ANL_036,10.12699792568323,54938.96374683153,55530.60044102408,27.99108325092084,32.61860283726127,-13.558460670017416,-54938.96374683153
93400,ANL_008,12,13,18,ANL_032,0.5735487789229535,ANL_034,ANL_006,ANL_022,ANL_036,7.4469572892329365,45180.689873776224,47940.33209195887,20.257610983569716,22.836755978321644,-8.146347020495096,-45180.689873776224
93400,ANL_008,18,19,24,ANL_032,0.5735487789229535,ANL_034,ANL_006,ANL_022,ANL_036,2.38868584508183,25446.8108185888,27659.927587144248,9.205318861617577,9.732093011790116,-1.9801713541742374,-25446.8108185888
93400,ANL_009,6,7,12,ANL_020,0.50353696079528,ANL_005,ANL_016,ANL_026,ANL_004,4.543071958968539,55546.323613524735,56265.00072497119,27.846644045882403,32.442742507225155,-14.949589350037435,-55546.323613524735
93400,ANL_009,9,10,15,ANL_020,0.50353696079528,ANL_005,ANL_016,ANL_026,ANL_004,4.93558885649498,53059.431053142216,54540.88835418306,23.56838180732973,26.804918310931285,-4.583227745911309,-53059.431053142216
93400,ANL_009,12,13,18,ANL_020,0.50353696079528,ANL_005,ANL_016,ANL_026,ANL_004,4.218586297399996,47839.152120361185,48610.17590265519,18.742349332131102,20.727414554276216,-4.640782548248093,-47839.152120361185
93400,ANL_009,18,19,24,ANL_020,0.50353696079528,ANL_005,ANL_016,ANL_026,ANL_004,3.265594520673066,40009.487785900405,41401.89902331226,12.870111460950293,13.830861545624288,-11.61604083306148,-40009.487785900405
93400,ANL_010,6,7,12,ANL_027,0.5022189072797455,ANL_019,ANL_021,ANL_012,ANL_011,2.296680802463522,11498.102769453377,12274.959120835061,13.3634622507294,12.42216507017488,0.04776934194880289,11498.102769453377
93400,ANL_010,9,10,15,ANL_027,0.5022189072797455,ANL_019,ANL_021,ANL_012,ANL_011,7.748917299666859,42558.99103909531,43255.67190698173,38.8963101220664,32.44535103851843,-8.969235259303595,42558.99103909531
93400,ANL_010,12,13,18,ANL_027,0.5022189072797455,ANL_019,ANL_021,ANL_012,ANL_011,10.672405459042873,76364.94193416413,76572.56106114903,55.10311422399096,43.11705901830469,-11.116296988423954,76364.94193416413
93400,ANL_010,18,19,24,ANL_027,0.5022189072797455,ANL_019,ANL_021,ANL_012,ANL_011,15.223793798878893,127595.09341481545,128589.24567834819,60.296391872180436,46.25196265460508,-39.7781861271273,127595.09341481545
93400,ANL_011,6,7,12,ANL_027,0.5748776812009455,ANL_013,ANL_007,ANL_012,ANL_010,8.322408919738276,114364.87889325943,123534.11661325183,55.33392685118316,77.2397958119937,-3.7149436808648257,-114364.87889325943
93400,ANL_011,9,10,15,ANL_027,0.5748776812009455,ANL_013,ANL_007,ANL_012,ANL_010,8.956599182490889,177979.9410799699,185010.09203422224,58.242984516059735,82.47175008307627,-7.099353538669048,-177979.9410799699
93400,ANL_011,12,13,18,ANL_027,0.5748776812009455,ANL_013,ANL_007,ANL_012,ANL_010,9.273824584538234,223843.14707196158,225788.92499122024,56.185092716305775,78.1913670796978,-21.638638529491374,-223843.14707196158
93400,ANL_011,18,19,24,ANL_027,0.5748776812009455,ANL_013,ANL_007,ANL_012,ANL_010,7.937002467126925,192628.71546468014,193932.1826023111,39.785236634747925,49.93457619542794,-317.9877082668578,-192628.71546468014
93400,ANL_012,6,7,12,ANL_019,0.5553278601634728,ANL_013,ANL_032,ANL_011,ANL_010,1.8911019239166462,13051.629038103127,15069.022731232419,11.676921909252624,11.85177719419242,0.6866243644740881,-5347.857627032589
93400,ANL_012,9,10,15,ANL_019,0.5553278601634728,ANL_013,ANL_032,ANL_011,ANL_010,1.4348389882125743,12552.150823757127,16065.459160996099,6.9493688357942505,7.281548660410876,0.7189152989102716,-10067.951213418683
93400,ANL_012,12,13,18,ANL_019,0.5553278601634728,ANL_013,ANL_032,ANL_011,ANL_010,1.5809588890784458,17623.236183628178,23567.769129722237,6.942869595215671,7.239065323926182,0.7341250769005518,-10696.259408051556
93400,ANL_012,18,19,24,ANL_019,0.5553278601634728,ANL_013,ANL_032,ANL_011,ANL_010,2.4423123270545184,38606.7802771988,39870.31687649934,10.858142990115228,11.525180957332282,-1.0484793078777317,-38606.7802771988
93400,ANL_013,6,7,12,ANL_011,0.5570078505254139,ANL_021,ANL_012,ANL_027,ANL_025,2.7873279458986633,22144.7630645757,27130.340484593442,17.073581341377615,19.087366692509523,0.25038237175130384,-20506.512516651117
93400,ANL_013,9,10,15,ANL_011,0.5570078505254139,ANL_021,ANL_012,ANL_027,ANL_025,1.4564951304889884,14016.216764478158,21431.08681898735,6.855181152533429,7.344243073898711,0.6553501695988126,-14016.216764478158
93400,ANL_013,12,13,18,ANL_011,0.5570078505254139,ANL_021,ANL_012,ANL_027,ANL_025,1.0090245582637518,12655.002550733383,14047.635474645791,5.581334243315936,5.575255984850134,0.8892007818187697,-2927.3726133495898
93400,ANL_013,18,19,24,ANL_011,0.5570078505254139,ANL_021,ANL_012,ANL_027,ANL_025,0.8370215642691202,13452.462871245487,18587.496351111065,3.7406827987560085,3.624703209897339,0.6042106301196122,8869.055280403147
93400,ANL_014,6,7,12,ANL_001,0.48651642270831047,ANL_030,ANL_024,ANL_003,ANL_018,13.626559438226264,13836.408453574948,14032.43546810929,33.43623960335591,28.566516430527372,-16.308989979217433,13836.408453574948
93400,ANL_014,9,10,15,ANL_001,0.48651642270831047,ANL_030,ANL_024,ANL_003,ANL_018,15.07316977548872,18965.815870008682,19229.825439130884,40.92589084183461,33.858693198368414,-37.11757201128826,18965.815870008682
93400,ANL_014,12,13,18,ANL_001,0.48651642270831047,ANL_030,ANL_024,ANL_003,ANL_018,15.1748656780972,27787.938123082902,27968.49110825825,54.24206732124627,42.61125198797496,-67.67149406777014,27787.938123082902
93400,ANL_014,18,19,24,ANL_001,0.48651642270831047,ANL_030,ANL_024,ANL_003,ANL_018,25.78993963798299,54175.56084776532,54559.3623524834,83.82742117992863,58.95875241048256,-168.1372456567888,54175.56084776532
93400,ANL_015,6,7,12,ANL_025,0.5031683971998205,ANL_023,ANL_033,ANL_003,ANL_006,5.747751869814745,21004.584433051004,21128.227656614752,20.753297763417844,23.200451172435365,-23.79230557803492,-21004.584433051004
93400,ANL_015,9,10,15,ANL_025,0.5031683971998205,ANL_023,ANL_033,ANL_003,ANL_006,3.809166026968911,18245.905269181083,18505.801281499418,16.240694013596467,17.69820452746932,-3.954073921243129,-18245.905269181083
93400,ANL_015,12,13,18,ANL_025,0.5031683971998205,ANL_023,ANL_033,ANL_003,ANL_006,2.766140409871738,12316.114441298918,12790.666127896113,9.876863257463695,10.438552248395682,-2.108419891565332,-12316.114441298918
93400,ANL_015,18,19,24,ANL_025,0.5031683971998205,ANL_023,ANL_033,ANL_003,ANL_006,1.7470456904751885,8765.955903049595,10340.15580803341,5.646388240492554,5.870356798585741,0.05461003217320837,-8765.955903049595
93400,ANL_016,6,7,12,ANL_002,0.5521034397865033,ANL_009,ANL_020,ANL_032,ANL_035,1.4003560473567038,11586.82600703884,14657.830449897338,6.429531128860573,6.763016149631307,0.41574309933301956,-11553.965353804844
93400,ANL_016,9,10,15,ANL_002,0.5521034397865033,ANL_009,ANL_020,ANL_032,ANL_035,1.8638767375611605,16217.358508927462,18053.55974032462,7.629623665648362,7.972052714967291,0.3998819303858384,-14494.72769695684
93400,ANL_016,12,13,18,ANL_002,0.5521034397865033,ANL_009,ANL_020,ANL_032,ANL_035,0.6245443602322037,7039.29626093719,8746.136644391263,2.8280066968211504,2.887192932664177,0.8204474553428353,-5395.404213757909
93400,ANL_016,18,19,24,ANL_002,0.5521034397865033,ANL_009,ANL_020,ANL_032,ANL_035,1.18840910123256,14593.174418211798,18851.30301850893,4.869951494039406,4.6980263806466525,0.5355478158299193,10497.818037634986
93400,ANL_017,6,7,12,ANL_001,0.46899283634813493,ANL_027,ANL_031,ANL_005,ANL_018,5.5174165684819805,24390.291682631443,25733.19061778392,41.89652302571834,33.200909586530486,-1.5637402999354757,24390.291682631443
93400,ANL_017,9,10,15,ANL_001,0.46899283634813493,ANL_027,ANL_031,ANL_005,ANL_018,2.3414046953830763,13702.192952968684,14798.770963050967,15.958444408656804,14.557112690168303,0.45467204746058487,8316.372672798558
93400,ANL_017,12,13,18,ANL_001,0.46899283634813493,ANL_027,ANL_031,ANL_005,ANL_018,2.204713661224285,15000.871750970036,18406.355432589582,10.837060476888999,11.124066437626192,0.468282353106552,-8841.389398986023
93400,ANL_017,18,19,24,ANL_001,0.46899283634813493,ANL_027,ANL_031,ANL_005,ANL_018,3.795769652726245,34762.9981630738,35709.308256530465,15.918019524399107,17.33903746946603,-1.9217467044313223,-34762.9981630738
93400,ANL_018,6,7,12,ANL_024,0.5301720814768669,ANL_004,ANL_014,ANL_026,ANL_017,1.556480178106781,6147.785407486163,8218.236590693623,8.997257657270593,8.335038775683373,-7.588547204187149,6147.785407486163
93400,ANL_018,9,10,15,ANL_024,0.5301720814768669,ANL_004,ANL_014,ANL_026,ANL_017,5.905054867040619,20965.159173569336,21633.078229975315,27.740648037295827,24.180338443447834,-10.149919981083613,20965.159173569336
93400,ANL_018,12,13,18,ANL_024,0.5301720814768669,ANL_004,ANL_014,ANL_026,ANL_017,10.534078641912888,32867.28300628111,33252.721351959815,36.98431560190591,31.14964239266153,-19.05186084622992,32867.28300628111
93400,ANL_018,18,19,24,ANL_024,0.5301720814768669,ANL_004,ANL_014,ANL_026,ANL_017,20.56795672887247,84989.21696331621,85782.47681996046,79.86847222760565,56.93240476563561,-244.5161501758988,84989.21696331621
93400,ANL_019,6,7,12,ANL_012,0.5553278601634728,ANL_029,ANL_010,ANL_036,ANL_034,1.6573361647250127,7460.0015446602265,8388.827793893752,7.584168725973865,7.949139023152567,0.38530231786625035,-7460.0015446602265
93400,ANL_019,9,10,15,ANL_012,0.5553278601634728,ANL_029,ANL_010,ANL_036,ANL_034,0.6434128622419013,3061.9213848014283,4117.261989091716,2.619318151137008,2.561415191345701,0.863379145719432,2875.331964806091
93400,ANL_019,12,13,18,ANL_012,0.5553278601634728,ANL_029,ANL_010,ANL_036,ANL_034,3.2548750476613777,19295.491077999857,19682.392863041907,14.131015486799958,13.16885961569317,-1.1485407651585793,19295.491077999857
93400,ANL_019,18,19,24,ANL_012,0.5553278601634728,ANL_029,ANL_010,ANL_036,ANL_034,8.965869744792567,57444.854858988605,58058.410299718205,29.515895567468814,25.68372948963555,-10.280691810003702,57444.854858988605
93400,ANL_020,6,7,12,ANL_004,0.5558287330442346,ANL_009,ANL_016,ANL_026,ANL_032,6.492420384410569,58916.11802037215,59244.31734857911,28.59986974493806,33.395963993019315,-11.627468407211952,-58916.11802037215
93400,ANL_020,9,10,15,ANL_004,0.5558287330442346,ANL_009,ANL_016,ANL_026,ANL_032,6.221866079126902,63331.59708617284,64240.26634636443,26.62620780844962,30.754149264593682,-7.477665858363697,-63331.59708617284
93400,ANL_020,12,13,18,ANL_004,0.5558287330442346,ANL_009,ANL_016,ANL_026,ANL_032,4.6669754145931925,51193.75040464167,52496.65957362156,19.431575738713736,21.62234057227818,-8.587800599696719,-51193.75040464167
93400,ANL_020,18,19,24,ANL_004,0.5558287330442346,ANL_009,ANL_016,ANL_026,ANL_032,1.8717434933798276,19565.11453118247,21947.57464584782,6.170852909838349,6.424135862403353,-0.6448420120677081,-19565.11453118247
93400,ANL_021,6,7,12,ANL_013,0.449489845512667,ANL_036,ANL_010,ANL_019,ANL_004,4.1867669524580755,35823.652752012276,43724.49135522916,23.925687083113722,28.466768565332274,-0.5722000191632857,-35672.146466375656
93400,ANL_021,9,10,15,ANL_013,0.449489845512667,ANL_036,ANL_010,ANL_019,ANL_004,6.591990364463834,73961.30789048866,80261.64639599185,35.178108312518624,43.22321457143225,-2.2451055060984,-73961.30789048866
93400,ANL_021,12,13,18,ANL_013,0.449489845512667,ANL_036,ANL_010,ANL_019,ANL_004,7.8347376947672025,109532.48196837086,113651.77505755439,38.30013679904712,47.58507945702284,-4.832058199695591,-109532.48196837086
93400,ANL_021,18,19,24,ANL_013,0.449489845512667,ANL_036,ANL_010,ANL_019,ANL_004,7.216456258630047,138925.69742459495,140413.38614803203,34.053271478133176,41.134999777253185,-13.276835141417484,-138925.69742459495
93400,ANL_022,6,7,12,ANL_030,0.4410640241246315,ANL_029,ANL_008,ANL_034,ANL_014,16.923522681353774,31477.75218731802,31659.161712628626,56.9994178935992,44.14969767789304,-37.409025019313496,31477.75218731802
93400,ANL_022,9,10,15,ANL_030,0.4410640241246315,ANL_029,ANL_008,ANL_034,ANL_014,22.88371411784924,36073.314842524596,36315.40428776919,55.70668774889911,43.37046709361411,-42.65236039372102,36073.314842524596
93400,ANL_022,12,13,18,ANL_030,0.4410640241246315,ANL_029,ANL_008,ANL_034,ANL_014,15.623135114548953,45385.20750776471,45657.12411258497,62.85043086766782,47.70420778206567,-115.46913945266347,45385.20750776471
93400,ANL_022,18,19,24,ANL_030,0.4410640241246315,ANL_029,ANL_008,ANL_034,ANL_014,14.408194070169827,54084.9703761069,54185.02447310518,61.39902145402565,46.924354779125935,-101.327969194312,54084.9703761069
93400,ANL_023,6,7,12,ANL_025,0.45237717645586956,ANL_015,ANL_033,ANL_007,ANL_003,5.867783483225492,38381.171763777944,38733.156905856325,35.68873153208871,43.482875150845615,-16.5821037166465,-38381.171763777944
93400,ANL_023,9,10,15,ANL_025,0.45237717645586956,ANL_015,ANL_033,ANL_007,ANL_003,7.123786737466902,38140.75419239779,38797.85839359232,31.140877176303878,36.99238083216716,-12.11524474753915,-38140.75419239779
93400,ANL_023,12,13,18,ANL_025,0.45237717645586956,ANL_015,ANL_033,ANL_007,ANL_003,6.09953254035655,35779.85788173152,36440.25748264681,25.612456871826815,29.49794154979023,-10.605738020936789,-35779.85788173152
93400,ANL_023,18,19,24,ANL_025,0.45237717645586956,ANL_015,ANL_033,ANL_007,ANL_003,4.384649722088134,32635.463722645753,33323.32499506103,18.844067379201583,20.869341534021192,-6.103609928363449,-32635.463722645753
93400,ANL_024,6,7,12,ANL_018,0.5301720814768669,ANL_004,ANL_014,ANL_001,ANL_026,9.066875612502272,31521.899754425398,31881.614530327723,62.93026258997357,46.8949709828441,-7.895550895069068,31521.899754425398
93400,ANL_024,9,10,15,ANL_018,0.5301720814768669,ANL_004,ANL_014,ANL_001,ANL_026,6.7593875953362925,27052.759003434676,27610.113127158384,39.08771283444637,32.150157677236805,-4.2006277408814015,27052.759003434676
93400,ANL_024,12,13,18,ANL_018,0.5301720814768669,ANL_004,ANL_014,ANL_001,ANL_026,3.089343652858781,14719.599108180146,17344.426768425757,16.971801659731632,15.08166304419955,-0.23070615197347277,14697.314278747801
93400,ANL_024,18,19,24,ANL_018,0.5301720814768669,ANL_004,ANL_014,ANL_001,ANL_026,1.6853184431566106,11307.197980653737,13962.36764896364,8.055389483876095,7.55610308731523,0.4186165034633311,10885.705401921732
93400,ANL_025,6,7,12,ANL_003,0.5172468675437097,ANL_015,ANL_023,ANL_029,ANL_007,49.76104946100731,54249.49612239017,54251.45459583924,299.65803893440824,117.98666652250806,-129.99365171132675,54249.49612239017
93400,ANL_025,9,10,15,ANL_003,0.5172468675437097,ANL_015,ANL_023,ANL_029,ANL_007,39.34384723412772,61956.723431942635,61979.03693956243,229.92184312884984,106.39703033641669,-171.4074015828418,61956.723431942635
93400,ANL_025,12,13,18,ANL_003,0.5172468675437097,ANL_015,ANL_023,ANL_029,ANL_007,38.86645013051726,73916.92152094736,73941.17155013104,205.17488747897247,100.65380488500206,-131.16218629680736,73916.92152094736
93400,ANL_025,18,19,24,ANL_003,0.5172468675437097,ANL_015,ANL_023,ANL_029,ANL_007,35.64731023004344,85798.88192251102,85870.83265470975,144.40782667595693,83.59997208869662,-132.35991442078281,85798.88192251102
93400,ANL_026,6,7,12,ANL_004,0.545466635726446,ANL_020,ANL_009,ANL_024,ANL_018,3.978287123191782,27222.623126576727,31658.918940046417,30.204565080399377,24.743818339777388,-0.7774163730655241,27222.623126576727
93400,ANL_026,9,10,15,ANL_004,0.545466635726446,ANL_020,ANL_009,ANL_024,ANL_018,2.0696723520893228,17261.06741642495,20034.90013584649,12.22577362743975,11.712692796929135,0.5362446853709368,183.17292333149817
93400,ANL_026,12,13,18,ANL_004,0.545466635726446,ANL_020,ANL_009,ANL_024,ANL_018,3.490792954179256,34215.800502423015,42161.240220179934,15.005105504721266,16.7716474692955,-0.5813791784885716,-33993.005919612806
93400,ANL_026,18,19,24,ANL_004,0.545466635726446,ANL_020,ANL_009,ANL_024,ANL_018,7.717600156866578,107938.35579393596,110643.39869814788,32.186297582961146,38.473831363648216,-8.735865385488216,-107938.35579393596
93400,ANL_027,6,7,12,ANL_011,0.5748776812009455,ANL_010,ANL_017,ANL_013,ANL_007,0.5697270006349431,3488.4384248877564,4051.309273274728,4.238267025016534,4.111246737741739,0.9297061403102358,2448.1159194237066
93400,ANL_027,9,10,15,ANL_011,0.5748776812009455,ANL_010,ANL_017,ANL_013,ANL_007,3.8771679291520775,29238.20799972696,29275.01257919398,24.61030188766847,21.85826063778491,-1.137012867385005,29238.20799972696
93400,ANL_027,12,13,18,ANL_011,0.5748776812009455,ANL_010,ANL_017,ANL_013,ANL_007,7.875343050963798,60043.763241380075,60334.78150284653,37.73967548729222,31.668792923156637,-4.710672852330492,60043.763241380075
93400,ANL_027,18,19,24,ANL_011,0.5748776812009455,ANL_010,ANL_017,ANL_013,ANL_007,7.561607890520976,72700.85666318184,73561.54609025047,28.378334043402614,24.80410648590349,-8.24858443732358,72700.85666318184
93400,ANL_028,6,7,12,ANL_031,0.5618704155756082,ANL_005,ANL_001,ANL_014,ANL_017,9.75337207034647,48068.51891149554,48568.912137574,35.67296760637987,43.499112732092044,-15.761894647496984,-48068.51891149554
93400,ANL_028,9,10,15,ANL_031,0.5618704155756082,ANL_005,ANL_001,ANL_014,ANL_017,9.390063947141096,55079.76759794288,55247.33686948068,36.28663287533886,44.39235718462437,-48.58463446157208,-55079.76759794288
93400,ANL_028,12,13,18,ANL_031,0.5618704155756082,ANL_005,ANL_001,ANL_014,ANL_017,7.358955025418238,45871.71165298888,46075.25868217461,27.081369816901763,31.333605538840136,-11.370234161625275,-45871.71165298888
93400,ANL_028,18,19,24,ANL_031,0.5618704155756082,ANL_005,ANL_001,ANL_014,ANL_017,5.965875061682081,41500.38159819634,41841.371130692256,19.652234388066823,21.841241526186074,-14.33412005870591,-41500.38159819634
93400,ANL_029,6,7,12,ANL_019,0.5076023352360142,ANL_036,ANL_025,ANL_022,ANL_006,4.698944231790055,8893.221853085857,9753.513090403141,12.92607626449049,11.967903768187762,-0.8025175471235904,8893.221853085857
93400,ANL_029,9,10,15,ANL_019,0.5076023352360142,ANL_036,ANL_025,ANL_022,ANL_006,5.123215606805995,16691.43644697393,17676.475891257254,20.58199682982032,18.49052571053271,-28.128414204087672,16691.43644697393
93400,ANL_029,12,13,18,ANL_019,0.5076023352360142,ANL_036,ANL_025,ANL_022,ANL_006,7.485142878248662,34564.34840914916,35131.018308699924,38.373420551747664,32.07786200418592,-24.52937654433291,34564.34840914916
93400,ANL_029,18,19,24,ANL_019,0.5076023352360142,ANL_036,ANL_025,ANL_022,ANL_006,14.337468091784627,66677.6604315584,67301.51526878003,60.51053592570014,46.33895370133268,-136.94639109834134,66677.6604315584
93400,ANL_030,6,7,12,ANL_022,0.4410640241246315,ANL_014,ANL_001,ANL_002,ANL_003,4.977281209555472,11745.388198309005,11774.634592304012,24.876681403889624,22.06921567178392,-4.550863268435104,11745.388198309005
93400,ANL_030,9,10,15,ANL_022,0.4410640241246315,ANL_014,ANL_001,ANL_002,ANL_003,7.3521670459529265,15797.049919110606,15895.428643940086,28.172704015556565,24.643653152034503,-8.004050029337318,15797.049919110606
93400,ANL_030,12,13,18,ANL_022,0.4410640241246315,ANL_014,ANL_001,ANL_002,ANL_003,6.903316989935618,17144.701531641014,17252.689694824443,26.320541689194627,23.12895075956407,-3.9205942157239964,17144.701531641014
93400,ANL_030,18,19,24,ANL_022,0.4410640241246315,ANL_014,ANL_001,ANL_002,ANL_003,9.781394459437958,29582.964478353097,29831.159282043343,34.27223799086327,29.179661451754313,-20.674130498075346,29582.964478353097
93400,ANL_031,6,7,12,ANL_028,0.5618704155756082,ANL_005,ANL_017,ANL_001,ANL_012,2.810216691606718,17111.97147853163,18261.75334500365,14.501546841121565,15.749090465089644,-0.9459961006857049,-17111.97147853163
93400,ANL_031,9,10,15,ANL_028,0.5618704155756082,ANL_005,ANL_017,ANL_001,ANL_012,3.784046033758767,24117.617396161502,25951.8533263685,16.45571014292685,18.060120552948575,-1.0947599932790926,-24117.617396161502
93400,ANL_031,12,13,18,ANL_028,0.5618704155756082,ANL_005,ANL_017,ANL_001,ANL_012,2.812986657713039,20940.639858195238,22278.794192667738,12.191766139427594,13.079607322961294,-0.8167365626014205,-20940.639858195238
93400,ANL_031,18,19,24,ANL_028,0.5618704155756082,ANL_005,ANL_017,ANL_001,ANL_012,1.5452583510041835,15083.175866601776,16651.700970363607,6.29989667397793,6.548466286676932,0.3105827740832343,-15083.175866601776
93400,ANL_032,6,7,12,ANL_008,0.5735487789229535,ANL_036,ANL_035,ANL_034,ANL_016,2.2437916954293473,17944.94846336575,19275.034754933804,14.792143108571528,13.59431874319811,0.41064187249917994,13660.161776382984
93400,ANL_032,9,10,15,ANL_008,0.5735487789229535,ANL_036,ANL_035,ANL_034,ANL_016,0.9298353326448143,9055.666304627846,12782.473768328331,6.020676581011031,5.66970292741606,0.7545827361414348,5292.718769653929
93400,ANL_032,12,13,18,ANL_008,0.5735487789229535,ANL_036,ANL_035,ANL_034,ANL_016,1.3757994926457466,15998.92215461509,17146.589511412207,6.846531884955538,6.860405770064572,0.7516309430816305,80.79399761672055
93400,ANL_032,18,19,24,ANL_008,0.5735487789229535,ANL_036,ANL_035,ANL_034,ANL_016,2.653302296929687,35634.4741541885,37342.20035808866,9.999922162875308,10.558699502852956,-0.3296581592644183,-35634.4741541885
93400,ANL_033,6,7,12,ANL_003,0.5213366674440251,ANL_023,ANL_015,ANL_014,ANL_025,8.91181815779062,52050.3651323919,52395.96856775024,47.03697847851909,61.53518259627545,-30.84557859082172,-52050.3651323919
93400,ANL_033,9,10,15,ANL_003,0.5213366674440251,ANL_023,ANL_015,ANL_014,ANL_025,10.928763208490047,56136.95831581018,56554.910549624154,43.412017329565536,55.503437589884705,-25.667235315923353,-56136.95831581018
93400,ANL_033,12,13,18,ANL_003,0.5213366674440251,ANL_023,ANL_015,ANL_014,ANL_025,10.3958304141194,59879.98318532775,60013.87766721356,41.02362132920297,51.668640755194915,-76.70945859976645,-59879.98318532775
93400,ANL_033,18,19,24,ANL_003,0.5213366674440251,ANL_023,ANL_015,ANL_014,ANL_025,10.345825802398966,63637.17451055604,63932.29801916496,35.74374039391245,43.55953871895332,-31.371637910517677,-63637.17451055604
93400,ANL_034,6,7,12,ANL_008,0.5341874664173974,ANL_032,ANL_036,ANL_019,ANL_022,6.455063052310219,35740.393108031225,36253.353255993265,25.2598138944601,29.0442401516662,-17.268972047806653,-35740.393108031225
93400,ANL_034,9,10,15,ANL_008,0.5341874664173974,ANL_032,ANL_036,ANL_019,ANL_022,4.477842495753405,30369.287536511565,31551.86987957554,18.342330612878946,20.279934331906144,-1.9956256955958178,-30369.287536511565
93400,ANL_034,12,13,18,ANL_008,0.5341874664173974,ANL_032,ANL_036,ANL_019,ANL_022,1.6979693150944504,12163.634729949335,14716.841637971625,6.673730675789749,7.028665523968347,-1.2406652090067833,-12163.634729949335
93400,ANL_034,18,19,24,ANL_008,0.5341874664173974,ANL_032,ANL_036,ANL_019,ANL_022,1.2520629668724683,10781.440556976066,12261.589942890707,4.619682470810015,4.551316751351223,0.02991884263150102,5063.842490008766
93400,ANL_035,6,7,12,ANL_032,0.5017869431775998,ANL_002,ANL_016,ANL_006,ANL_008,4.848144541464491,69673.65483429449,73222.31517309153,32.661469961978256,39.275796047843684,-3.7770474415462107,-69673.65483429449
93400,ANL_035,9,10,15,ANL_032,0.5017869431775998,ANL_002,ANL_016,ANL_006,ANL_008,7.165487773918062,98869.40030452142,102263.25760198793,36.053694757295744,44.182740730049794,-5.902419510854053,-98869.40030452142
93400,ANL_035,12,13,18,ANL_032,0.5017869431775998,ANL_002,ANL_016,ANL_006,ANL_008,8.02186167622264,134407.02164526272,136987.53410303596,39.23055337628106,48.88859830863483,-9.178655076150502,-134407.02164526272
93400,ANL_035,18,19,24,ANL_032,0.5017869431775998,ANL_002,ANL_016,ANL_006,ANL_008,11.664015562684598,223077.04211059297,228072.46326892203,44.10911670628079,56.76169059698738,-11.239788970962241,-223077.04211059297
93400,ANL_036,6,7,12,ANL_032,0.5078153674127159,ANL_029,ANL_019,ANL_021,ANL_034,2.0558174941110083,13433.533833518972,15480.488621396604,15.498121313748026,14.345923330248858,0.5904546166940258,4644.8411584583155
93400,ANL_036,9,10,15,ANL_032,0.5078153674127159,ANL_029,ANL_019,ANL_021,ANL_034,2.211797592724088,17814.094286498894,21223.938874359217,11.52535977820499,12.197415990516268,0.4591554853654245,-12680.45545704161
93400,ANL_036,12,13,18,ANL_032,0.5078153674127159,ANL_029,ANL_019,ANL_021,ANL_034,2.0427733795896006,21004.35300895289,25903.175082981452,9.726386582749164,10.432027917608337,0.3561732162149269,-20598.488469626554
93400,ANL_036,18,19,24,ANL_032,0.5078153674127159,ANL_029,ANL_019,ANL_021,ANL_034,3.487342680430986,45595.56958200203,46912.54512821372,14.75800722320777,15.99412763262621,-2.5411235708010977,-45595.56958200203
94721,ANL_001,6,7,12,ANL_029,0.46751645647933293,ANL_036,ANL_032,ANL_004,ANL_023,6.04253448781565,38716.93547722999,38883.370947086834,36.38820992654184,30.626165417518514,-5.48525730097745,38716.93547722999
94721,ANL_001,9,10,15,ANL_029,0.46751645647933293,ANL_036,ANL_032,ANL_004,ANL_023,6.93779156798474,44969.89771973109,45508.5965779492,33.239259084752746,28.288781211879872,-5.095677486575782,44969.89771973109
94721,ANL_001,12,13,18,ANL_029,0.46751645647933293,ANL_036,ANL_032,ANL_004,ANL_023,7.759970577243218,57584.625298109946,58218.829150090554,33.21840056965682,28.331748143222057,-6.800093710986869,57584.625298109946
94721,ANL_001,18,19,24,ANL_029,0.46751645647933293,ANL_036,ANL_032,ANL_004,ANL_023,8.598102260146803,86989.52941951113,87880.97909075716,34.86153641950069,29.52366624343818,-7.860500051656276,86989.52941951113
94721,ANL_002,6,7,12,ANL_031,0.5150953743392579,ANL_026,ANL_030,ANL_008,ANL_018,2.7221044124662512,18757.477085422444,19288.192224545506,16.980071438911317,18.658478983486827,-5.369326010152627,-18757.477085422444
94721,ANL_002,9,10,15,ANL_031,0.5150953743392579,ANL_026,ANL_030,ANL_008,ANL_018,0.9465273890482829,6100.369022416184,6922.343879135862,4.982658837774782,4.988286097517829,0.25224196392115017,-950.3123460722272
94721,ANL_002,12,13,18,ANL_031,0.5150953743392579,ANL_026,ANL_030,ANL_008,ANL_018,1.3808123738524412,9558.610893794712,11840.940484236948,7.25336112167939,6.852126614807736,0.41761576538855283,9558.610893794712
94721,ANL_002,18,19,24,ANL_031,0.5150953743392579,ANL_026,ANL_030,ANL_008,ANL_018,4.118946343077417,31052.494189499295,32666.014498307995,17.843653802412692,16.243134511067577,-6.46023310498064,31052.494189499295
94721,ANL_003,6,7,12,ANL_033,0.6758948613959339,ANL_027,ANL_006,ANL_011,ANL_016,12.325706724798772,51866.57389795323,52750.351377856314,76.17604829212029,53.4988369573136,-7.328451792903074,51866.57389795323
94721,ANL_003,9,10,15,ANL_033,0.6758948613959339,ANL_027,ANL_006,ANL_011,ANL_016,7.675625289634423,44104.1429142394,46316.77944427765,44.56015388721933,35.3155057936237,-2.7405595388593587,44104.1429142394
94721,ANL_003,12,13,18,ANL_033,0.6758948613959339,ANL_027,ANL_006,ANL_011,ANL_016,3.482125682597118,27845.92596996868,33319.778084182784,21.676276641419175,18.515106546376035,-0.19120312925720695,27845.92596996868
94721,ANL_003,18,19,24,ANL_033,0.6758948613959339,ANL_027,ANL_006,ANL_011,ANL_016,0.9828826901819544,10502.101544594183,11485.632124885162,4.611215984362882,4.495357698733499,0.7409081113958573,8016.712485898951
94721,ANL_004,6,7,12,ANL_016,0.4250604782922995,ANL_022,ANL_001,ANL_032,ANL_014,2.6851775096279296,30473.005485763522,36518.05707690028,17.367195553256366,17.877350971881555,0.3177849675989163,-14400.601748596955
94721,ANL_004,9,10,15,ANL_016,0.4250604782922995,ANL_022,ANL_001,ANL_032,ANL_014,5.400821129495048,83361.67413375607,96090.91050663727,29.4593260909411,35.758582174376976,-1.7066326224818043,-83361.67413375607
94721,ANL_004,12,13,18,ANL_016,0.4250604782922995,ANL_022,ANL_001,ANL_032,ANL_014,8.114310899200092,148696.9602217233,156016.47372671618,40.17231366857156,50.66979654545578,-5.706854794897845,-148696.9602217233
94721,ANL_004,18,19,24,ANL_016,0.4250604782922995,ANL_022,ANL_001,ANL_032,ANL_014,10.107492513087722,270194.67897662724,271749.55480560695,47.729625684689125,62.72117436553781,-34.22367895034253,-270194.67897662724
94721,ANL_005,6,7,12,ANL_010,0.6023941790230696,ANL_036,ANL_034,ANL_029,ANL_020,9.644848908798869,52940.575660396986,53261.97074621151,33.49475124937112,40.272422054289606,-14.553712378324997,-52940.575660396986
94721,ANL_005,9,10,15,ANL_010,0.6023941790230696,ANL_036,ANL_034,ANL_029,ANL_020,8.961417200222673,54611.996595307,54730.25994608496,30.403957867661603,35.90677802923394,-25.536330011344948,-54611.996595307
94721,ANL_005,12,13,18,ANL_010,0.6023941790230696,ANL_036,ANL_034,ANL_029,ANL_020,5.445459636130091,40031.55395233271,40747.33351056184,20.26005238599826,22.664798797961325,-13.442487916028687,-40031.55395233271
94721,ANL_005,18,19,24,ANL_010,0.6023941790230696,ANL_036,ANL_034,ANL_029,ANL_020,1.4713465039620885,11625.281827393163,14600.19975959443,4.924196505410936,5.088260012289366,-0.01997818491822323,-7736.881791724164
94721,ANL_006,6,7,12,ANL_027,0.5511918120063637,ANL_014,ANL_033,ANL_011,ANL_018,3.6725794173017925,17699.629243744257,18649.145971975402,16.507051772486427,18.14572872817122,-3.782434994374084,-17699.629243744257
94721,ANL_006,9,10,15,ANL_027,0.5511918120063637,ANL_014,ANL_033,ANL_011,ANL_018,1.2803877295406207,7821.728591297459,9291.29710655925,6.568582029585037,6.893990813261731,-0.23119219522207057,-7821.728591297459
94721,ANL_006,12,13,18,ANL_027,0.5511918120063637,ANL_014,ANL_033,ANL_011,ANL_018,1.2275016405318704,6502.7457362466985,7985.824831819568,4.712211732898361,4.572843882464409,0.17759455271523794,4232.056370907519
94721,ANL_006,18,19,24,ANL_027,0.5511918120063637,ANL_014,ANL_033,ANL_011,ANL_018,5.88149753372559,39183.2285105662,40681.710903496365,24.300425054573974,21.510556644460788,-18.707273820738177,39183.2285105662
94721,ANL_007,6,7,12,ANL_020,0.5628677226981447,ANL_031,ANL_035,ANL_036,ANL_034,0.9053559546317554,2329.118728885654,2721.8632424275625,3.5533546535541896,3.471501753890337,0.45805500717579983,2329.118728885654
94721,ANL_007,9,10,15,ANL_020,0.5628677226981447,ANL_031,ANL_035,ANL_036,ANL_034,0.7763315332605072,1738.4974272952484,1998.1217458892077,2.364838873587337,2.354818189939775,0.882198307219475,183.51986874434806
94721,ANL_007,12,13,18,ANL_020,0.5628677226981447,ANL_031,ANL_035,ANL_036,ANL_034,1.7789101602993966,4125.292661734301,4701.162854517779,4.876363737885861,4.728997352395115,0.033563057565568766,4125.292661734301
94721,ANL_007,18,19,24,ANL_020,0.5628677226981447,ANL_031,ANL_035,ANL_036,ANL_034,5.217133375927184,14581.274005319312,15656.505750738503,16.119782482220373,14.701395226739326,-1.6555324611425246,14581.274005319312
94721,ANL_008,6,7,12,ANL_035,0.4416357083402001,ANL_002,ANL_029,ANL_026,ANL_005,8.624443165263523,29819.874688215157,29988.63085686152,21.53150227381072,24.17855343433327,-10.64805022235405,-29819.874688215157
94721,ANL_008,9,10,15,ANL_035,0.4416357083402001,ANL_002,ANL_029,ANL_026,ANL_005,4.075314924502304,24315.87591140856,24700.732206965204,15.99579065029109,17.44882780210836,-7.176128733005051,-24315.87591140856
94721,ANL_008,12,13,18,ANL_035,0.4416357083402001,ANL_002,ANL_029,ANL_026,ANL_005,2.2293047337648293,12314.882013383622,12998.8512800505,7.24635883441858,7.555558113042863,-0.2711091171696016,-12314.882013383622
94721,ANL_008,18,19,24,ANL_035,0.4416357083402001,ANL_002,ANL_029,ANL_026,ANL_005,2.3749551427678224,15212.984721864826,16989.67261209055,7.314883523075073,7.004032219197409,-1.5619034195832526,14177.084313391979
94721,ANL_009,6,7,12,ANL_030,0.47342084191541944,ANL_012,ANL_022,ANL_027,ANL_010,6.15674766674734,30062.167507193913,31176.38241962979,40.0946407998049,32.47477526782868,-2.0856368409440966,30062.167507193913
94721,ANL_009,9,10,15,ANL_030,0.47342084191541944,ANL_012,ANL_022,ANL_027,ANL_010,4.1483815573328275,22631.495586029243,24386.481784377876,21.643859010705143,18.987973040623597,-0.3368283478491898,22631.495586029243
94721,ANL_009,12,13,18,ANL_030,0.47342084191541944,ANL_012,ANL_022,ANL_027,ANL_010,4.906448048009152,32535.103047080327,32785.2475979003,22.45350025344148,20.12845730879459,-3.156694478801186,32535.103047080327
94721,ANL_009,18,19,24,ANL_030,0.47342084191541944,ANL_012,ANL_022,ANL_027,ANL_010,4.627137422027095,35973.54379527253,37605.38555762429,16.7735043765742,15.286359944848435,-0.7826637505004483,35973.54379527253
94721,ANL_010,6,7,12,ANL_005,0.6023941790230696,ANL_036,ANL_029,ANL_022,ANL_020,5.816784477197982,36506.139378894535,37730.966052269185,31.647932875919043,26.802776086780366,-2.449099099757875,36506.139378894535
94721,ANL_010,9,10,15,ANL_005,0.6023941790230696,ANL_036,ANL_029,ANL_022,ANL_020,1.951089085683296,16455.24146251721,18063.986004367962,10.855378222960892,10.296814508159208,0.5681886472055626,6926.23356993512
94721,ANL_010,12,13,18,ANL_005,0.6023941790230696,ANL_036,ANL_029,ANL_022,ANL_020,1.6424853905412589,15207.622914167829,18605.136629189426,7.068312864540255,7.113713357401997,0.6624964789756391,-5424.632045785945
94721,ANL_010,18,19,24,ANL_005,0.6023941790230696,ANL_036,ANL_029,ANL_022,ANL_020,5.974275240720531,74173.43853718808,77212.7787493699,21.573678138914897,24.32244257877974,-4.353506187119466,-74173.43853718808
94721,ANL_011,6,7,12,ANL_006,0.4760193764575443,ANL_033,ANL_027,ANL_003,ANL_014,1.3423935203853243,5225.4010174519135,6565.566499348801,5.274212404216391,5.50113262600311,0.21784236785845623,-4795.965605188615
94721,ANL_011,9,10,15,ANL_006,0.4760193764575443,ANL_033,ANL_027,ANL_003,ANL_014,3.075793588272292,14006.010578396417,15083.94885574117,12.675733723981963,11.829722121408288,-3.7137231455403894,14006.010578396417
94721,ANL_011,12,13,18,ANL_006,0.4760193764575443,ANL_033,ANL_027,ANL_003,ANL_014,7.7225214216968,34386.983796011904,35072.82224387221,28.11313734156608,24.58464904663965,-15.35160169887341,34386.983796011904
94721,ANL_011,18,19,24,ANL_006,0.4760193764575443,ANL_033,ANL_027,ANL_003,ANL_014,16.595142240807093,83098.71049358496,84159.42866259164,54.808139663690724,42.89318179363591,-102.69824935216312,83098.71049358496
94721,ANL_012,6,7,12,ANL_019,0.5003133076605397,ANL_020,ANL_009,ANL_034,ANL_025,11.786854152739924,16869.34566340138,16944.969818667087,64.97713626988894,48.44927992871255,-13.193830756767728,16869.34566340138
94721,ANL_012,9,10,15,ANL_019,0.5003133076605397,ANL_020,ANL_009,ANL_034,ANL_025,7.600171023516692,16783.077662680735,16824.97156760733,48.87971320447594,39.13545545437393,-16.157013375969395,16783.077662680735
94721,ANL_012,12,13,18,ANL_019,0.5003133076605397,ANL_020,ANL_009,ANL_034,ANL_025,11.643460197288112,25090.59822877431,25221.442527074458,59.22905180510531,45.609286256024134,-31.272057296831164,25090.59822877431
94721,ANL_012,18,19,24,ANL_019,0.5003133076605397,ANL_020,ANL_009,ANL_034,ANL_025,9.27470082296709,25148.07849615694,25253.534221502112,41.27053452254848,34.14174702692489,-26.093453275366116,25148.07849615694
94721,ANL_013,6,7,12,ANL_028,0.4572844998138691,ANL_015,ANL_021,ANL_035,ANL_012,5.876913299830157,9827.37441997599,9947.542516897935,50.33634277692271,39.29759649078555,-2.434091519840248,9827.37441997599
94721,ANL_013,9,10,15,ANL_028,0.4572844998138691,ANL_015,ANL_021,ANL_035,ANL_012,9.124566669352195,16652.334171567756,16713.946287384064,53.893712426322125,41.82344300240171,-4.297779130313851,16652.334171567756
94721,ANL_013,12,13,18,ANL_028,0.4572844998138691,ANL_015,ANL_021,ANL_035,ANL_012,9.424205294530855,21855.58882395292,21915.009737504333,48.046841118011166,38.65825916871697,-9.042770123320835,21855.58882395292
94721,ANL_013,18,19,24,ANL_028,0.4572844998138691,ANL_015,ANL_021,ANL_035,ANL_012,8.170063446135316,24782.205391965515,24986.837759388294,35.39559597081248,30.00158507296053,-13.385950166566913,24782.205391965515
94721,ANL_014,6,7,12,ANL_006,0.4898904052936806,ANL_015,ANL_026,ANL_033,ANL_011,6.80531551547251,33748.92070433127,34160.471590889516,46.71853581317488,37.23538874584996,-4.134253796404903,33748.92070433127
94721,ANL_014,9,10,15,ANL_006,0.4898904052936806,ANL_015,ANL_026,ANL_033,ANL_011,6.249770463224775,33483.14525672673,35073.5139910052,33.448575456836416,27.927153564882474,-1.36060746116378,33483.14525672673
94721,ANL_014,12,13,18,ANL_006,0.4898904052936806,ANL_015,ANL_026,ANL_033,ANL_011,4.476141898357119,29786.282801622063,31705.911635586937,21.78765005079127,19.279353455791746,-0.7353633115190374,29786.282801622063
94721,ANL_014,18,19,24,ANL_006,0.4898904052936806,ANL_015,ANL_026,ANL_033,ANL_011,1.3819128835037349,14455.215206414805,17434.641776216235,7.110254725367622,6.744898084461528,0.5456715762764701,14455.215206414805
94721,ANL_015,6,7,12,ANL_021,0.4918675909911789,ANL_032,ANL_014,ANL_026,ANL_013,4.477580600082041,32505.44412435558,39156.48665868781,28.591103403537847,34.777980074504484,-0.8921637736913366,-32505.44412435558
94721,ANL_015,9,10,15,ANL_021,0.4918675909911789,ANL_032,ANL_014,ANL_026,ANL_013,6.480271863769965,64618.84092356518,68558.65325783215,42.12478001051154,53.93024854306082,-4.233305317433768,-64618.84092356518
94721,ANL_015,12,13,18,ANL_021,0.4918675909911789,ANL_032,ANL_014,ANL_026,ANL_013,6.768442452877152,82204.5795290438,83927.37818188862,41.813412275867286,52.976783754742804,-8.852828591243851,-82204.5795290438
94721,ANL_015,18,19,24,ANL_021,0.4918675909911789,ANL_032,ANL_014,ANL_026,ANL_013,6.373688173230897,85781.59450934603,88839.80731850269,33.05957553904587,39.95682143905313,-12.034540052527747,-85781.59450934603
94721,ANL_016,6,7,12,ANL_004,0.4250604782922995,ANL_023,ANL_011,ANL_027,ANL_003,9.585271299924983,138756.38733771406,138969.19039648792,54.44951148135504,74.89740389552986,-77.85238054864838,-138756.38733771406
94721,ANL_016,9,10,15,ANL_004,0.4250604782922995,ANL_023,ANL_011,ANL_027,ANL_003,9.59703009396266,129598.29438887177,130025.92931550629,44.595498386672375,57.44108030527827,-27.89506185800232,-129598.29438887177
94721,ANL_016,12,13,18,ANL_004,0.4250604782922995,ANL_023,ANL_011,ANL_027,ANL_003,8.383426222261958,128844.11548028747,129209.13440656476,38.296162288812965,47.40479348084972,-22.145106112876284,-128844.11548028747
94721,ANL_016,18,19,24,ANL_004,0.4250604782922995,ANL_023,ANL_011,ANL_027,ANL_003,6.2467861408626275,94175.8129436284,94845.98449684274,22.766865210874222,25.707091190562263,-6.127063879371299,-94175.8129436284
94721,ANL_017,6,7,12,ANL_031,0.5138836619310806,ANL_020,ANL_028,ANL_034,ANL_035,45.371192958787205,22867.081251228752,22889.172475592368,293.75071902959974,118.53247167069068,-293.3761116722656,22867.081251228752
94721,ANL_017,9,10,15,ANL_031,0.5138836619310806,ANL_020,ANL_028,ANL_034,ANL_035,49.6034544798489,26153.421374500333,26182.839599391937,256.5394470910575,112.1304439883956,-328.02758792623945,26153.421374500333
94721,ANL_017,12,13,18,ANL_031,0.5138836619310806,ANL_020,ANL_028,ANL_034,ANL_035,46.104552607426626,29083.59004935758,29101.563203856273,221.29938743812315,104.65193200650782,-191.4282369478392,29083.59004935758
94721,ANL_017,18,19,24,ANL_031,0.5138836619310806,ANL_020,ANL_028,ANL_034,ANL_035,43.43482609081898,33902.159258769236,33935.30742640274,174.59874969402657,93.10187239732882,-318.4669376343286,33902.159258769236
94721,ANL_018,6,7,12,ANL_019,0.5821910549586702,ANL_034,ANL_006,ANL_025,ANL_002,12.540054088225613,21987.730838294792,22064.06669205731,49.37444981948757,39.39670050483788,-17.291132313806305,21987.730838294792
94721,ANL_018,9,10,15,ANL_019,0.5821910549586702,ANL_034,ANL_006,ANL_025,ANL_002,9.679763906439845,27335.653271786123,27363.180347366648,51.59130778953765,40.980292699433996,-33.99715278638661,27335.653271786123
94721,ANL_018,12,13,18,ANL_019,0.5821910549586702,ANL_034,ANL_006,ANL_025,ANL_002,9.195135150831842,24901.261909829977,24957.996143356977,40.854340295904095,33.892937339563225,-36.18326259709689,24901.261909829977
94721,ANL_018,18,19,24,ANL_019,0.5821910549586702,ANL_034,ANL_006,ANL_025,ANL_002,9.899156196197945,26407.45491162216,26494.178700183038,32.34753104319597,27.771491074473847,-12.735782774707694,26407.45491162216
94721,ANL_019,6,7,12,ANL_018,0.5821910549586702,ANL_012,ANL_034,ANL_025,ANL_006,10.496892852970696,16066.544200756945,16184.5715988036,46.43754513754867,37.554995243834476,-25.795916124225524,16066.544200756945
94721,ANL_019,9,10,15,ANL_018,0.5821910549586702,ANL_012,ANL_034,ANL_025,ANL_006,15.047291442495975,26084.479715566773,26195.001694026865,67.13005953318206,50.156645713468414,-57.4285028958313,26084.479715566773
94721,ANL_019,12,13,18,ANL_018,0.5821910549586702,ANL_012,ANL_034,ANL_025,ANL_006,14.13245808299416,27544.160803755618,27664.134865796805,64.38002979726643,48.644986659854844,-82.99328257382805,27544.160803755618
94721,ANL_019,18,19,24,ANL_018,0.5821910549586702,ANL_012,ANL_034,ANL_025,ANL_006,16.382739226411474,34804.64764123981,34881.03662265919,66.41605138077878,49.80647071366493,-119.14418834617915,34804.64764123981
94721,ANL_020,6,7,12,ANL_007,0.5628677226981447,ANL_017,ANL_012,ANL_034,ANL_035,25.528217501358732,22919.233672719867,22936.554927322115,180.54383801554204,94.55195567486248,-139.25563942728337,22919.233672719867
94721,ANL_020,9,10,15,ANL_007,0.5628677226981447,ANL_017,ANL_012,ANL_034,ANL_035,27.74881219957469,25407.506170235574,25435.583062157817,158.91625417278573,88.48202390802633,-239.17148860305568,25407.506170235574
94721,ANL_020,12,13,18,ANL_007,0.5628677226981447,ANL_017,ANL_012,ANL_034,ANL_035,30.88353786840586,29252.325550083693,29290.160563605037,151.7827166106828,86.15323932435518,-181.9203298291262,29252.325550083693
94721,ANL_020,18,19,24,ANL_007,0.5628677226981447,ANL_017,ANL_012,ANL_034,ANL_035,32.74884536455511,36713.382056334776,36730.144600976935,137.8603462071912,81.4081008936135,-144.95337208507803,36713.382056334776
94721,ANL_021,6,7,12,ANL_015,0.4918675909911789,ANL_028,ANL_024,ANL_035,ANL_014,94.42672436616499,49630.68632685632,50272.41295466795,414.34141490093015,134.57965379221804,-3152.5236624169715,49630.68632685632
94721,ANL_021,9,10,15,ANL_015,0.4918675909911789,ANL_028,ANL_024,ANL_035,ANL_014,174.26996996493713,84520.9354329945,85487.54944725499,628.1209466226376,151.45793887373114,-6838.340372553073,84520.9354329945
94721,ANL_021,12,13,18,ANL_015,0.4918675909911789,ANL_028,ANL_024,ANL_035,ANL_014,252.23390910466588,129785.81141203716,131043.20078601934,854.474794249108,161.7948395832591,-16138.922695403342,129785.81141203716
94721,ANL_021,18,19,24,ANL_015,0.4918675909911789,ANL_028,ANL_024,ANL_035,ANL_014,263.4125368344699,188742.83006945162,189464.9857839258,1026.9432426033725,167.35297097722832,-21824.1569426753,188742.83006945162
94721,ANL_022,6,7,12,ANL_036,0.47640024096382316,ANL_004,ANL_010,ANL_009,ANL_030,12.815465713004025,115967.14923697342,116558.33210975767,47.03249761894718,61.6223941986786,-42.287242216220626,-115967.14923697342
94721,ANL_022,9,10,15,ANL_036,0.47640024096382316,ANL_004,ANL_010,ANL_009,ANL_030,16.739668598995927,109320.49824431777,110674.87854954597,38.584059282395884,48.03322289931896,-23.00379857300299,-109320.49824431777
94721,ANL_022,12,13,18,ANL_036,0.47640024096382316,ANL_004,ANL_010,ANL_009,ANL_030,6.704493185959147,84165.15995962842,86463.09252033575,26.377993243884646,30.685148517737087,-21.80103099858183,-84165.15995962842
94721,ANL_022,18,19,24,ANL_036,0.47640024096382316,ANL_004,ANL_010,ANL_009,ANL_030,1.8156277066696052,29854.152777508705,35432.707663092166,7.802444800049167,8.258562844535204,-3.304571548845029,-28469.94911143916
94721,ANL_023,6,7,12,ANL_016,0.3709047685839284,ANL_001,ANL_022,ANL_011,ANL_005,1.6640657681137112,15600.616576066042,16692.28103547321,8.255301262631612,8.66227757481635,-0.4457667660497504,-15600.616576066042
94721,ANL_023,9,10,15,ANL_016,0.3709047685839284,ANL_001,ANL_022,ANL_011,ANL_005,2.0708523855571173,25570.108687214703,26548.380014448223,11.877296003695909,12.662036541624525,-1.4308062634823866,-25570.108687214703
94721,ANL_023,12,13,18,ANL_016,0.3709047685839284,ANL_001,ANL_022,ANL_011,ANL_005,1.5291310815856756,15881.416401432318,17270.34874981916,6.796952214455682,7.082563958623934,-1.608089999334899,-15881.416401432318
94721,ANL_023,18,19,24,ANL_016,0.3709047685839284,ANL_001,ANL_022,ANL_011,ANL_005,0.7024740545479273,7367.91978212754,9469.457680166855,2.6306721132485014,2.642755660084101,0.597859992742247,-2573.0553995758287
94721,ANL_024,6,7,12,ANL_021,0.46363064580772045,ANL_029,ANL_032,ANL_015,ANL_008,6.055083684708785,66360.08413419746,74732.80576914972,41.661956629319484,54.15903100883496,-2.1263068065625474,-66360.08413419746
94721,ANL_024,9,10,15,ANL_021,0.46363064580772045,ANL_029,ANL_032,ANL_015,ANL_008,8.269773339798329,111277.03633865883,115656.31163411545,49.59476113117503,66.27674844405041,-6.495302821481258,-111277.03633865883
94721,ANL_024,12,13,18,ANL_021,0.46363064580772045,ANL_029,ANL_032,ANL_015,ANL_008,8.577463261266933,147537.82647950298,148855.22819677743,51.57821159398179,69.53046970505211,-19.78441593111133,-147537.82647950298
94721,ANL_024,18,19,24,ANL_021,0.46363064580772045,ANL_029,ANL_032,ANL_015,ANL_008,8.693416323538258,166721.3154979551,167253.46862893467,45.44534067240012,58.97997381483445,-499.45308783990953,-166721.3154979551
94721,ANL_025,6,7,12,ANL_034,0.5693300412393862,ANL_018,ANL_012,ANL_020,ANL_019,10.06492252074417,29286.91155086139,29468.594424198847,47.82786728665737,62.9074187158659,-29.738859943733758,-29286.91155086139
94721,ANL_025,9,10,15,ANL_034,0.5693300412393862,ANL_018,ANL_012,ANL_020,ANL_019,9.584303009176022,30201.33681978979,30461.28584110703,43.506390674308776,55.67348927550917,-25.867358830497228,-30201.33681978979
94721,ANL_025,12,13,18,ANL_034,0.5693300412393862,ANL_018,ANL_012,ANL_020,ANL_019,9.493594565258674,32605.31900735522,32818.984614324414,40.727106841474026,51.22586096910635,-27.43458395413466,-32605.31900735522
94721,ANL_025,18,19,24,ANL_034,0.5693300412393862,ANL_018,ANL_012,ANL_020,ANL_019,10.318658611146995,39227.29118015276,39444.62410638389,40.571885173289914,50.96398688566373,-46.0886107761884,-39227.29118015276
94721,ANL_026,6,7,12,ANL_033,0.5479145906748722,ANL_002,ANL_030,ANL_015,ANL_014,6.470261004280922,58651.621951605695,60165.90868850226,36.77091226754701,45.23129641860748,-6.940477799048752,-58651.621951605695
94721,ANL_026,9,10,15,ANL_033,0.5479145906748722,ANL_002,ANL_030,ANL_015,ANL_014,5.022212151864556,64143.06582709513,65091.64450708222,32.34850466813823,38.62444754423633,-6.116153719066839,-64143.06582709513
94721,ANL_026,12,13,18,ANL_033,0.5479145906748722,ANL_002,ANL_030,ANL_015,ANL_014,4.518375526450231,63144.29798214198,63776.49048211614,26.31387894306132,30.33219647317189,-5.616514921583927,-63144.29798214198
94721,ANL_026,18,19,24,ANL_033,0.5479145906748722,ANL_002,ANL_030,ANL_015,ANL_014,6.006680376599037,86741.76465018709,87138.68229604278,25.138227780488236,28.76035723933433,-7.842077224147406,-86741.76465018709
94721,ANL_027,6,7,12,ANL_003,0.5715458600289435,ANL_033,ANL_006,ANL_011,ANL_026,1.2980116695440012,8164.493401431767,11692.974979948902,6.840610992594128,7.127010508533134,0.6084202149663268,-5076.602572307474
94721,ANL_027,9,10,15,ANL_003,0.5715458600289435,ANL_033,ANL_006,ANL_011,ANL_026,2.233688520427971,16401.695594437537,19791.358379958914,10.346334154517537,11.071958368885102,0.35156872166724984,-14173.519501095658
94721,ANL_027,12,13,18,ANL_003,0.5715458600289435,ANL_033,ANL_006,ANL_011,ANL_026,3.2171487645018257,28463.86992796465,31115.933978439076,14.532348700168054,15.80742124508718,-0.514656929002171,-28463.86992796465
94721,ANL_027,18,19,24,ANL_003,0.5715458600289435,ANL_033,ANL_006,ANL_011,ANL_026,3.9610614200568057,41568.077552914954,42134.18787054412,15.604646898521853,16.958492933023464,-3.6139934469038018,-41568.077552914954
94721,ANL_028,6,7,12,ANL_035,0.6327456711306907,ANL_021,ANL_017,ANL_013,ANL_031,23.720968020828117,13924.208228226105,13938.11861815351,124.31569494646679,76.5133387745113,-88.06093037609331,13924.208228226105
94721,ANL_028,9,10,15,ANL_035,0.6327456711306907,ANL_021,ANL_017,ANL_013,ANL_031,23.759331154967278,17884.836526901618,17942.37299265069,129.71802645378062,78.667830166398,-162.46394461716014,17884.836526901618
94721,ANL_028,12,13,18,ANL_035,0.6327456711306907,ANL_021,ANL_017,ANL_013,ANL_031,25.383764529480942,20318.549698370884,20347.788404883257,121.45223338507034,75.41756413277346,-85.59950696372056,20318.549698370884
94721,ANL_028,18,19,24,ANL_035,0.6327456711306907,ANL_021,ANL_017,ANL_013,ANL_031,29.48443466227638,27980.728494500287,28047.706487046686,118.28615487727588,74.18893725951393,-137.60754006106444,27980.728494500287
94721,ANL_029,6,7,12,ANL_035,0.5863894061883773,ANL_036,ANL_001,ANL_024,ANL_010,1.3085545251291473,11280.786850233351,12965.008408202903,9.089407076824283,9.374853084875445,0.6499506912932318,-6286.611005672082
94721,ANL_029,9,10,15,ANL_035,0.5863894061883773,ANL_036,ANL_001,ANL_024,ANL_010,1.6554801461112019,14098.89666435605,19412.165198262883,7.8760804705015435,8.420457997526503,0.49307184007633864,-14098.89666435605
94721,ANL_029,12,13,18,ANL_035,0.5863894061883773,ANL_036,ANL_001,ANL_024,ANL_010,2.299756822995255,21873.196212309962,25641.448814372758,9.663294693334313,10.302894755446216,0.42517919106626456,-20221.963680135217
94721,ANL_029,18,19,24,ANL_035,0.5863894061883773,ANL_036,ANL_001,ANL_024,ANL_010,4.585972720239266,55024.38903913905,57858.2895984457,16.86714544774318,18.512171261719388,-1.4466132123206088,-55024.38903913905
94721,ANL_030,6,7,12,ANL_002,0.507641854574311,ANL_026,ANL_009,ANL_022,ANL_015,2.7599156342699755,20388.048773479164,23335.56682700556,21.623939559515843,18.68088696539386,0.19367600922837924,18112.41238251606
94721,ANL_030,9,10,15,ANL_002,0.507641854574311,ANL_026,ANL_009,ANL_022,ANL_015,2.128053564618822,17922.733127915297,21175.029813635603,10.533567444999964,10.823390355536489,0.5707558619393374,-8411.69986113203
94721,ANL_030,12,13,18,ANL_002,0.507641854574311,ANL_026,ANL_009,ANL_022,ANL_015,2.5411634586691414,28005.238418553094,33639.44022421519,11.492247946111627,12.458786738221828,0.0555128235727792,-27386.0202769365
94721,ANL_030,18,19,24,ANL_002,0.507641854574311,ANL_026,ANL_009,ANL_022,ANL_015,6.0473839934250915,87655.7637992861,88988.43107612863,24.701132854788916,28.224296568560074,-6.712316590602898,-87655.7637992861
94721,ANL_031,6,7,12,ANL_002,0.5150953743392579,ANL_017,ANL_028,ANL_007,ANL_018,1.0916058255487937,3046.2352167764634,3594.457203589167,5.78511823911175,6.0201796224490085,0.34553988200408503,-3046.2352167764634
94721,ANL_031,9,10,15,ANL_002,0.5150953743392579,ANL_017,ANL_028,ANL_007,ANL_018,0.44671496595925986,1354.94233112518,1536.8576714884114,2.347571274894899,2.3315377453845985,0.9054076474963505,389.47861864115475
94721,ANL_031,12,13,18,ANL_002,0.5150953743392579,ANL_017,ANL_028,ANL_007,ANL_018,1.0530126884632207,3484.1318008461253,4002.553581704861,5.234233215416151,5.416661022693313,0.18596559836728677,-3484.1318008461253
94721,ANL_031,18,19,24,ANL_002,0.5150953743392579,ANL_017,ANL_028,ANL_007,ANL_018,1.965137016638343,6127.528410468546,7210.982511318145,7.885718609030906,7.483849213460505,-2.284354968697443,6127.528410468546
94721,ANL_032,6,7,12,ANL_015,0.4854459508997836,ANL_001,ANL_004,ANL_024,ANL_014,0.690788499316127,2801.6999955263477,3535.189010993432,2.797217634146487,2.7556197883896347,0.9132149435223254,1870.4001382709175
94721,ANL_032,9,10,15,ANL_015,0.4854459508997836,ANL_001,ANL_004,ANL_024,ANL_014,6.555952427567979,32451.145022408047,33096.413969093766,26.486957571310644,23.35237302565298,-4.221131697139132,32451.145022408047
94721,ANL_032,12,13,18,ANL_015,0.4854459508997836,ANL_001,ANL_004,ANL_024,ANL_014,14.443845004255419,78111.00070619474,79533.34579232275,53.00062727761284,41.77766447507487,-26.585227491729004,78111.00070619474
94721,ANL_032,18,19,24,ANL_015,0.4854459508997836,ANL_001,ANL_004,ANL_024,ANL_014,21.296417628109246,149716.3213865054,150629.98008628574,76.96009199409288,55.53744217497963,-92.85139648454138,149716.3213865054
94721,ANL_033,6,7,12,ANL_003,0.6758948613959339,ANL_027,ANL_026,ANL_006,ANL_011,8.227548588570436,45613.52937503449,46389.89802052239,31.53925928055025,37.50005805163803,-6.431948812092437,-45613.52937503449
94721,ANL_033,9,10,15,ANL_003,0.6758948613959339,ANL_027,ANL_026,ANL_006,ANL_011,6.740680412816384,40344.657440809264,40865.11449182435,24.07891793681567,27.456486481867447,-7.261463318109437,-40344.657440809264
94721,ANL_033,12,13,18,ANL_003,0.6758948613959339,ANL_027,ANL_026,ANL_006,ANL_011,3.9511910670601083,28906.554647423836,29393.60821333245,15.125910706540086,16.396390770705434,-1.9424895569366574,-28906.554647423836
94721,ANL_033,18,19,24,ANL_003,0.6758948613959339,ANL_027,ANL_026,ANL_006,ANL_011,1.606664759736754,13194.498065108719,14678.237520024317,5.680120787165228,5.668500655135285,0.46363720768356176,1530.7957498080261
94721,ANL_034,6,7,12,ANL_025,0.5693300412393862,ANL_018,ANL_005,ANL_017,ANL_020,4.0069437855600745,10762.65100801436,10859.118092995146,24.734684090057282,21.89432441299536,-4.383944744698583,10762.65100801436
94721,ANL_034,9,10,15,ANL_025,0.5693300412393862,ANL_018,ANL_005,ANL_017,ANL_020,5.4237083912330375,13199.2723336145,13372.87595765606,25.852956574498304,22.856585862925662,-30.13099225821389,13199.2723336145
94721,ANL_034,12,13,18,ANL_025,0.5693300412393862,ANL_018,ANL_005,ANL_017,ANL_020,7.676020272089605,20075.58429161326,20252.45847005469,36.217128909585576,30.608724904659862,-37.348078888617025,20075.58429161326
94721,ANL_034,18,19,24,ANL_025,0.5693300412393862,ANL_018,ANL_005,ANL_017,ANL_020,9.5398263533777,22345.07915089098,22463.7859936804,33.325999205220356,28.50707506353028,-25.993394774886287,22345.07915089098
94721,ANL_035,6,7,12,ANL_028,0.6327456711306907,ANL_029,ANL_017,ANL_008,ANL_020,12.631701758808203,19409.872922584684,19476.413066530688,55.05484557461967,43.13768618516209,-27.896250874199385,19409.872922584684
94721,ANL_035,9,10,15,ANL_028,0.6327456711306907,ANL_029,ANL_017,ANL_008,ANL_020,14.488279418591084,28014.899290773184,28107.85716406907,67.16582342031786,50.26607451294846,-47.116888362535825,28014.899290773184
94721,ANL_035,12,13,18,ANL_028,0.6327456711306907,ANL_029,ANL_017,ANL_008,ANL_020,18.163724621984382,34474.74933252636,34626.12154145311,70.3175280041931,51.954162591998745,-47.93651143874029,34474.74933252636
94721,ANL_035,18,19,24,ANL_028,0.6327456711306907,ANL_029,ANL_017,ANL_008,ANL_020,27.108420159092248,59856.986324226214,60229.921217900264,93.1479125084611,63.48872436318248,-172.16323994275467,59856.986324226214
94721,ANL_036,6,7,12,ANL_010,0.5159857520014827,ANL_005,ANL_022,ANL_029,ANL_001,5.185828594802453,73696.84732645663,74603.37814314151,33.151673782285805,39.81013649047926,-11.4389343219654,-73696.84732645663
94721,ANL_036,9,10,15,ANL_010,0.5159857520014827,ANL_005,ANL_022,ANL_029,ANL_001,5.245104073552275,77679.9913293092,77851.32345295079,31.44654118439763,37.38850395970727,-64.6912675870928,-77679.9913293092
94721,ANL_036,12,13,18,ANL_010,0.5159857520014827,ANL_005,ANL_022,ANL_029,ANL_001,4.45598447382295,65334.049444689714,66090.23379184405,23.671836152203216,26.892538205145705,-7.585716162935952,-65334.049444689714
94721,ANL_036,18,19,24,ANL_010,0.5159857520014827,ANL_005,ANL_022,ANL_029,ANL_001,3.2262864322760416,49359.71525361052,49657.518905632955,14.46667821181851,15.62213776619791,-7.267446617834061,-49359.71525361052
