drug_id,month,rx,rx_pct_of_peak
ANL_001,1,34760,0.30610447708619537
ANL_001,2,36125,0.31812497798443057
ANL_001,3,35685,0.31425023776814964
ANL_001,4,37739,0.33233822959597026
ANL_001,5,40168,0.353728556835394
ANL_001,6,39940,0.35172073690513933
ANL_001,7,42697,0.3759995068512452
ANL_001,8,47291,0.4164553172003241
ANL_001,9,47588,0.4190707668463137
ANL_001,10,54276,0.4779668181337842
ANL_001,11,52400,0.4614463348480045
ANL_001,12,53139,0.46795413716580364
ANL_001,13,54934,0.4837613160026771
ANL_001,14,59593,0.5247895311564338
ANL_001,15,61793,0.5441632322378386
ANL_001,16,67302,0.592676740991229
ANL_001,17,67405,0.5935837824509493
ANL_001,18,69205,0.6094349924266441
ANL_001,19,68275,0.6012452006058685
ANL_001,20,74243,0.6538007679030611
ANL_001,21,74408,0.6552537954841664
ANL_001,22,77704,0.6842791221952165
ANL_001,23,77514,0.6826059389200042
ANL_001,24,81818,0.7205079432174434
ANL_001,25,84882,0.7474902250871817
ANL_001,26,85309,0.7512504843425271
ANL_001,27,86894,0.7652083553489027
ANL_001,28,95374,0.8398851667899538
ANL_001,29,95327,0.839471274085033
ANL_001,30,92506,0.8146289055620135
ANL_001,31,97559,0.8591267744548945
ANL_001,32,100570,0.8856423262531262
ANL_001,33,97561,0.859144386910423
ANL_001,34,97263,0.8565201310366691
ANL_001,35,113556,1.0
ANL_001,36,106490,0.9377751946176336
ANL_002,1,151155,0.29554035268147805
ANL_002,2,158895,0.3106737080435543
ANL_002,3,168434,0.32932449315968426
ANL_002,4,172574,0.33741907858591114
ANL_002,5,168577,0.3296040887432472
ANL_002,6,209077,0.4087902505215533
ANL_002,7,194988,0.38124324229205814
ANL_002,8,201981,0.39491605289244563
ANL_002,9,212429,0.41534412741737753
ANL_002,10,212175,0.41484750309412594
ANL_002,11,238701,0.46671150623810986
ANL_002,12,240038,0.4693256271837295
ANL_002,13,265484,0.5190779993469585
ANL_002,14,268390,0.524759850856286
ANL_002,15,275630,0.5389155992828275
ANL_002,16,294389,0.5755934562902163
ANL_002,17,319451,0.6245950263269547
ANL_002,18,298181,0.583007627289311
ANL_002,19,310015,0.606145628239545
ANL_002,20,345318,0.675170543529904
ANL_002,21,314397,0.6147133754225707
ANL_002,22,367493,0.7185274111208655
ANL_002,23,348195,0.6807956938369704
ANL_002,24,372490,0.7282976148345987
ANL_002,25,380338,0.7436421332947505
ANL_002,26,410306,0.8022359825829548
ANL_002,27,398840,0.7798175003372744
ANL_002,28,432424,0.8454814029832654
ANL_002,29,434400,0.8493449055924982
ANL_002,30,420316,0.8218076734323584
ANL_002,31,452241,0.8842278762662454
ANL_002,32,511453,1.0
ANL_002,33,451666,0.8831036282903806
ANL_002,34,468495,0.9160079225266056
ANL_002,35,486917,0.952026872459444
ANL_002,36,489754,0.9575738142116675
ANL_003,1,11891,0.05147552196291823
ANL_003,2,14220,0.061557642108544045
ANL_003,3,18313,0.07927602671826772
ANL_003,4,20026,0.08669151482881175
ANL_003,5,25191,0.10905053181127518
ANL_003,6,28831,0.12480790292766761
ANL_003,7,35290,0.15276857876304636
ANL_003,8,42892,0.1856772422868967
ANL_003,9,52393,0.22680657826954628
ANL_003,10,57496,0.24889720046925798
ANL_003,11,65114,0.2818751271628507
ANL_003,12,68283,0.2955935637199517
ANL_003,13,87116,0.3771206434548469
ANL_003,14,93199,0.40345363480127966
ANL_003,15,114021,0.493590992324775
ANL_003,16,124898,0.5406769609052696
ANL_003,17,135503,0.5865854556001437
ANL_003,18,137402,0.594806128058943
ANL_003,19,155508,0.6731860625186686
ANL_003,20,169468,0.7336181781188988
ANL_003,21,181520,0.7857906607273498
ANL_003,22,195890,0.8479976450522287
ANL_003,23,202856,0.8781530975788193
ANL_003,24,186253,0.8062795721267689
ANL_003,25,192476,0.8332186162084475
ANL_003,26,199312,0.8628113054808813
ANL_003,27,215028,0.9308450539603382
ANL_003,28,217699,0.9424076743592075
ANL_003,29,231003,1.0
ANL_003,30,216476,0.937113370822024
ANL_003,31,220444,0.9542906369181353
ANL_003,32,228315,0.9883637874832795
ANL_003,33,219886,0.9518750838733696
ANL_003,34,222882,0.9648446124076311
ANL_003,35,223479,0.9674289944286438
ANL_003,36,209635,0.9074990368090458
ANL_004,1,38312,0.17612607228561183
ANL_004,2,37224,0.17112437133951802
ANL_004,3,41114,0.18900729108244532
ANL_004,4,41549,0.19100705203056187
ANL_004,5,47238,0.21716024751064242
ANL_004,6,49297,0.22662578266506073
ANL_004,7,54143,0.24890357934223956
ANL_004,8,57178,0.2628559344630067
ANL_004,9,65697,0.302019068984857
ANL_004,10,66156,0.3041291615714903
ANL_004,11,72588,0.333698040693986
ANL_004,12,78560,0.36115223007824354
ANL_004,13,86636,0.3982788264391383
ANL_004,14,88292,0.40589170949679576
ANL_004,15,92714,0.42622031389351156
ANL_004,16,98383,0.4522815663414948
ANL_004,17,103925,0.4777589805356601
ANL_004,18,108611,0.49930123295606044
ANL_004,19,117039,0.538046026681868
ANL_004,20,122428,0.5628200766804887
ANL_004,21,124944,0.5743865101183306
ANL_004,22,139577,0.6416566295523294
ANL_004,23,138819,0.6381719886358412
ANL_004,24,152590,0.7014793633864458
ANL_004,25,142470,0.6549561891452056
ANL_004,26,155328,0.7140663644805678
ANL_004,27,169921,0.7811525978503719
ANL_004,28,163280,0.7506229140424593
ANL_004,29,175142,0.8051543263793753
ANL_004,30,188333,0.8657953531991578
ANL_004,31,182654,0.8396881292351259
ANL_004,32,192325,0.8841471824057814
ANL_004,33,191359,0.8797063339554811
ANL_004,34,193686,0.8904039057400035
ANL_004,35,190589,0.8761665272197346
ANL_004,36,217526,1.0
ANL_005,1,44035,0.06670362745944537
ANL_005,2,52897,0.08012766621374548
ANL_005,3,59803,0.09058878239939167
ANL_005,4,74712,0.11317273565913666
ANL_005,5,72484,0.10979779113819549
ANL_005,6,91819,0.13908618984214408
ANL_005,7,100395,0.15207699963190685
ANL_005,8,114849,0.17397172499352428
ANL_005,9,140329,0.21256848728866834
ANL_005,10,146921,0.22255396048527704
ANL_005,11,179801,0.2723601435411772
ANL_005,12,181236,0.2745338622968103
ANL_005,13,208257,0.31546491072605237
ANL_005,14,223072,0.33790647404640395
ANL_005,15,243908,0.3694685674208789
ANL_005,16,275768,0.4177296681557019
ANL_005,17,296647,0.44935689735351636
ANL_005,18,328090,0.49698633208060483
ANL_005,19,321489,0.4869872258046925
ANL_005,20,406695,0.6160561319318528
ANL_005,21,398949,0.6043225950112019
ANL_005,22,455781,0.6904109464538088
ANL_005,23,431517,0.6536561646512431
ANL_005,24,477616,0.7234863116309859
ANL_005,25,555754,0.8418487061450347
ANL_005,26,495295,0.750266223743068
ANL_005,27,499758,0.7570267162910753
ANL_005,28,536493,0.8126724016486937
ANL_005,29,574602,0.8703994037799985
ANL_005,30,593996,0.8997771748927152
ANL_005,31,621092,0.9408218323161541
ANL_005,32,595750,0.9024341105703323
ANL_005,33,572819,0.8676985392912919
ANL_005,34,610213,0.9243424690112534
ANL_005,35,660159,1.0
ANL_005,36,647800,0.9812787525429479
ANL_006,1,127592,0.15472223434854945
ANL_006,2,157750,0.19129281199827322
ANL_006,3,153876,0.18659507283072133
ANL_006,4,170390,0.2066204896125881
ANL_006,5,190779,0.2313448581947294
ANL_006,6,202890,0.24603105309876167
ANL_006,7,211013,0.2558812687048597
ANL_006,8,223055,0.27048379195102906
ANL_006,9,246715,0.29917468216896337
ANL_006,10,275030,0.33351037771084047
ANL_006,11,280991,0.340738881370566
ANL_006,12,295650,0.3585148644519143
ANL_006,13,324124,0.3930433685966929
ANL_006,14,352654,0.42763978017394005
ANL_006,15,356699,0.43254487953706533
ANL_006,16,374803,0.454498382347948
ANL_006,17,445472,0.5401939242250064
ANL_006,18,416002,0.5044576378884669
ANL_006,19,482089,0.5845968966303362
ANL_006,20,481680,0.5841009298467718
ANL_006,21,495205,0.6005017874206332
ANL_006,22,523724,0.6350848600379312
ANL_006,23,525727,0.6375137633814021
ANL_006,24,568406,0.6892677153514453
ANL_006,25,613162,0.7435403054864355
ANL_006,26,638418,0.7741665575297216
ANL_006,27,661685,0.802380883087654
ANL_006,28,674867,0.818365807637646
ANL_006,29,681874,0.8268627251252649
ANL_006,30,739288,0.8964848202635779
ANL_006,31,706235,0.856403670881778
ANL_006,32,743161,0.9011813467984071
ANL_006,33,824652,1.0
ANL_006,34,781701,0.9479162119293957
ANL_006,35,758031,0.9192131953842348
ANL_006,36,812981,0.9858473634939344
ANL_007,1,28171,0.3155848811417561
ANL_007,2,28887,0.3236058521721596
ANL_007,3,30415,0.34072323168955704
ANL_007,4,31735,0.35551049671767526
ANL_007,5,31029,0.34760155042233326
ANL_007,6,35713,0.4000739363251406
ANL_007,7,37422,0.4192189635471512
ANL_007,8,38092,0.4267246207962718
ANL_007,9,39140,0.43846481303071716
ANL_007,10,42591,0.4771245491004414
ANL_007,11,46677,0.5228978558465709
ANL_007,12,45491,0.5096117222682769
ANL_007,13,46237,0.5179687675038649
ANL_007,14,47839,0.5359151300607174
ANL_007,15,50685,0.5677973696592208
ANL_007,16,50013,0.5602693074630879
ANL_007,17,54276,0.608025452019806
ANL_007,18,56576,0.6337911410839513
ANL_007,19,62644,0.7017677503192705
ANL_007,20,62525,0.7004346559720386
ANL_007,21,64741,0.7252593372616674
ANL_007,22,62264,0.6975108103869334
ANL_007,23,67783,0.7593372616673761
ANL_007,24,64837,0.7263347747182578
ANL_007,25,70716,0.7921941164609145
ANL_007,26,72948,0.8171980373266418
ANL_007,27,71377,0.7995989514484798
ANL_007,28,81544,0.9134944995855084
ANL_007,29,79113,0.8862612864920575
ANL_007,30,73159,0.8195617592364394
ANL_007,31,82779,0.9273295543656039
ANL_007,32,81414,0.912038178029709
ANL_007,33,84511,0.946732238478256
ANL_007,34,87824,0.9838460332041314
ANL_007,35,89266,1.0
ANL_007,36,82229,0.9211681939372214
ANL_008,1,147059,0.3218245162532771
ANL_008,2,146611,0.3208441112234492
ANL_008,3,154905,0.33899473469977287
ANL_008,4,157761,0.345244816764926
ANL_008,5,174968,0.3829006858458401
ANL_008,6,187047,0.4093344187817592
ANL_008,7,188518,0.4125535611899666
ANL_008,8,191562,0.419215063222994
ANL_008,9,216539,0.47387483203998654
ANL_008,10,218431,0.47801529256774206
ANL_008,11,231167,0.5058868069871365
ANL_008,12,253773,0.5553578697199281
ANL_008,13,232449,0.5086923410233853
ANL_008,14,267446,0.5852799187664404
ANL_008,15,266839,0.5839515574871869
ANL_008,16,265664,0.581380182687973
ANL_008,17,274804,0.6013821960197306
ANL_008,18,280697,0.6142784612893202
ANL_008,19,299570,0.6555802115749069
ANL_008,20,314860,0.6890409100259545
ANL_008,21,321847,0.7043312893639184
ANL_008,22,317859,0.6956039338751822
ANL_008,23,319427,0.69903535147958
ANL_008,24,348535,0.7627354175693833
ANL_008,25,366787,0.8026781689185345
ANL_008,26,358393,0.784308705033767
ANL_008,27,409721,0.8966351098797691
ANL_008,28,394266,0.8628133247547893
ANL_008,29,396826,0.868415639210949
ANL_008,30,429165,0.9391864388975696
ANL_008,31,421636,0.9227099445458405
ANL_008,32,425648,0.9314898217326033
ANL_008,33,421949,0.9233949150242694
ANL_008,34,434601,0.9510826035005712
ANL_008,35,456954,1.0
ANL_008,36,441762,0.9667537651492273
ANL_009,1,10720,0.04755630675592347
ANL_009,2,12957,0.057480136813106375
ANL_009,3,17270,0.07661356508160432
ANL_009,4,20740,0.09200725766024745
ANL_009,5,22026,0.0977122399819002
ANL_009,6,27848,0.1235399282219176
ANL_009,7,32205,0.1428685502868018
ANL_009,8,41298,0.18320712279907905
ANL_009,9,44831,0.19888029740436614
ANL_009,10,53127,0.2356832004684651
ANL_009,11,60798,0.2697134643793503
ANL_009,12,68816,0.30528309754809974
ANL_009,13,81000,0.3593340342565113
ANL_009,14,89069,0.39512991478016296
ANL_009,15,98167,0.43549066840566597
ANL_009,16,110729,0.4912184972739412
ANL_009,17,125387,0.5562446488064343
ANL_009,18,129651,0.5751607021653202
ANL_009,19,145891,0.6472049579224282
ANL_009,20,162955,0.7229046611391332
ANL_009,21,156559,0.6945305811008042
ANL_009,22,164950,0.7317549253161918
ANL_009,23,165623,0.7347405031563724
ANL_009,24,185354,0.8222716121676714
ANL_009,25,173449,0.7694583815772545
ANL_009,26,190241,0.843951432234481
ANL_009,27,207381,0.9199882883722168
ANL_009,28,195095,0.8654848569540008
ANL_009,29,197531,0.876291495317567
ANL_009,30,197828,0.8776090534431742
ANL_009,31,199475,0.8849155121397233
ANL_009,32,197113,0.8744371542518976
ANL_009,33,225417,1.0
ANL_009,34,220860,0.9797841334060874
ANL_009,35,211038,0.9362115545855015
ANL_009,36,218356,0.9686758319026515
ANL_010,1,28226,0.05066785859815215
ANL_010,2,36321,0.06519901127129187
ANL_010,3,41227,0.07400566167455604
ANL_010,4,52460,0.0941697676631142
ANL_010,5,64167,0.11518474040486179
ANL_010,6,78221,0.14041276012917378
ANL_010,7,95202,0.17089497180830726
ANL_010,8,106625,0.19140014252915655
ANL_010,9,140987,0.25308259690277324
ANL_010,10,165297,0.29672093186065174
ANL_010,11,196523,0.3527740230739267
ANL_010,12,236333,0.4242360598766064
ANL_010,13,243720,0.4374962976525771
ANL_010,14,277013,0.4972598141376717
ANL_010,15,307779,0.5524871696832945
ANL_010,16,363004,0.6516203267400136
ANL_010,17,339059,0.6086371950836417
ANL_010,18,397074,0.712778618472425
ANL_010,19,387928,0.6963608393064539
ANL_010,20,387538,0.6956607590664878
ANL_010,21,413149,0.7416344899017913
ANL_010,22,438603,0.7873263935635699
ANL_010,23,497104,0.8923402246360032
ANL_010,24,470184,0.8440167373029678
ANL_010,25,491171,0.8816900296008287
ANL_010,26,479319,0.8604147706160168
ANL_010,27,520873,0.9350074226456212
ANL_010,28,490480,0.880449631021812
ANL_010,29,544093,0.9766891230866718
ANL_010,30,499223,0.8961439939398183
ANL_010,31,506323,0.9088890444622756
ANL_010,32,526820,0.945682748766333
ANL_010,33,526321,0.9447870050746842
ANL_010,34,557079,1.0
ANL_010,35,530578,0.9524286501555435
ANL_010,36,503276,0.9034194432028492
ANL_011,1,15278,0.0507822757293429
ANL_011,2,19806,0.06583281536165503
ANL_011,3,22811,0.07582108205668549
ANL_011,4,27609,0.09176906994445792
ANL_011,5,32670,0.10859123891069725
ANL_011,6,42446,0.14108551352321566
ANL_011,7,48593,0.161517418805862
ANL_011,8,60356,0.20061624780208273
ANL_011,9,65302,0.21705617028914453
ANL_011,10,86637,0.287971201882647
ANL_011,11,91747,0.30495624108784025
ANL_011,12,108252,0.3598169205558861
ANL_011,13,132743,0.4412221250909913
ANL_011,14,135793,0.4513599664952651
ANL_011,15,159140,0.5289626495331607
ANL_011,16,176076,0.5852559223275154
ANL_011,17,183192,0.608908669682536
ANL_011,18,216139,0.718420624025687
ANL_011,19,231338,0.7689403130432471
ANL_011,20,211930,0.704430402887789
ANL_011,21,226589,0.7531551953944285
ANL_011,22,257705,0.8565811210125875
ANL_011,23,244036,0.8111469721093025
ANL_011,24,259989,0.8641728684772962
ANL_011,25,271073,0.9010147813051557
ANL_011,26,281920,0.9370689339976667
ANL_011,27,275695,0.9163777658856651
ANL_011,28,282421,0.9387341990939096
ANL_011,29,275124,0.9144798290194879
ANL_011,30,300853,1.0
ANL_011,31,282087,0.937624022363081
ANL_011,32,293117,0.9742864455398483
ANL_011,33,284377,0.9452357131223554
ANL_011,34,292472,0.9721425413740266
ANL_011,35,290008,0.9639524950723443
ANL_011,36,290666,0.9661396097097253
ANL_012,1,12358,0.13205389867817874
ANL_012,2,14320,0.15301924494833463
ANL_012,3,14393,0.15379930115512433
ANL_012,4,17543,0.1874592607631728
ANL_012,5,17535,0.18737377515146983
ANL_012,6,21277,0.22735967002553883
ANL_012,7,19651,0.20998471944690808
ANL_012,8,23648,0.2526954681940096
ANL_012,9,23090,0.24673284677772672
ANL_012,10,27019,0.2887169678253529
ANL_012,11,31468,0.33625765363367277
ANL_012,12,31961,0.34152570445486896
ANL_012,13,33361,0.3564856865028905
ANL_012,14,36207,0.3868971928662257
ANL_012,15,38584,0.4122971052434737
ANL_012,16,40607,0.43391427930286486
ANL_012,17,44654,0.47715931312310994
ANL_012,18,46344,0.49521814859536456
ANL_012,19,50276,0.5372343267473794
ANL_012,20,49184,0.5255655407499226
ANL_012,21,54614,0.5835888996933204
ANL_012,22,59852,0.6395606039558467
ANL_012,23,64482,0.6890354017289465
ANL_012,24,66917,0.7150550847910411
ANL_012,25,63695,0.6806257546776658
ANL_012,26,68856,0.735774659927551
ANL_012,27,68435,0.7312759796116816
ANL_012,28,76628,0.8188239316969963
ANL_012,29,80932,0.8648151907931996
ANL_012,30,77516,0.828312834596027
ANL_012,31,81333,0.8691001570798115
ANL_012,32,81284,0.8685765577081308
ANL_012,33,83711,0.8945107551585224
ANL_012,34,91694,0.9798147099366338
ANL_012,35,93583,1.0
ANL_012,36,89119,0.952299028669737
ANL_013,1,31573,0.054355984960127814
ANL_013,2,38514,0.06630559037007451
ANL_013,3,48960,0.0842893935846406
ANL_013,4,65078,0.11203809550043384
ANL_013,5,77280,0.1330450232071288
ANL_013,6,99527,0.17134539369482282
ANL_013,7,127928,0.22024047268169736
ANL_013,8,140039,0.24109073505309406
ANL_013,9,193073,0.3323939151872409
ANL_013,10,224440,0.3863952511465837
ANL_013,11,233455,0.4019154489236575
ANL_013,12,265005,0.45623183715068794
ANL_013,13,312291,0.5376392772046772
ANL_013,14,335017,0.576764292699051
ANL_013,15,376591,0.6483379701681656
ANL_013,16,366525,0.6310083738482516
ANL_013,17,429448,0.7393364276171719
ANL_013,18,487368,0.8390513311388709
ANL_013,19,451280,0.7769223353120223
ANL_013,20,481757,0.8293914498602063
ANL_013,21,469316,0.8079730604487171
ANL_013,22,521681,0.8981244921288581
ANL_013,23,511733,0.8809980442657044
ANL_013,24,563039,0.9693263046262757
ANL_013,25,531638,0.9152664343658325
ANL_013,26,523129,0.9006173647169006
ANL_013,27,545723,0.9395151293952374
ANL_013,28,525397,0.9045219469197184
ANL_013,29,509208,0.8766510116104508
ANL_013,30,545923,0.9398594488134753
ANL_013,31,536695,0.9239725508559781
ANL_013,32,544901,0.9380999765862795
ANL_013,33,550077,0.9470109631302767
ANL_013,34,531359,0.9147861087773906
ANL_013,35,551966,0.9502630600355337
ANL_013,36,580856,1.0
ANL_014,1,33327,0.1269745113727283
ANL_014,2,37073,0.14124661866118032
ANL_014,3,38315,0.1459785880291081
ANL_014,4,44960,0.17129576713529165
ANL_014,5,48142,0.18341905741608563
ANL_014,6,52836,0.2013030060578352
ANL_014,7,56582,0.2155751133462872
ANL_014,8,64454,0.24556711243189697
ANL_014,9,67290,0.256372156817922
ANL_014,10,76797,0.29259343925020004
ANL_014,11,75502,0.2876595420429001
ANL_014,12,87310,0.3326475406713148
ANL_014,13,83642,0.3186726102030708
ANL_014,14,107812,0.4107593248752238
ANL_014,15,100019,0.3810683125690555
ANL_014,16,109384,0.41674858079018556
ANL_014,17,113979,0.4342553434678249
ANL_014,18,126417,0.4816436164133044
ANL_014,19,133706,0.5094144092658208
ANL_014,20,149158,0.568285899340877
ANL_014,21,144005,0.5486531794109804
ANL_014,22,164989,0.6286013639654056
ANL_014,23,172785,0.6583038061492742
ANL_014,24,167705,0.6389492132434182
ANL_014,25,182621,0.6957785651693527
ANL_014,26,197205,0.7513430106297863
ANL_014,27,191397,0.7292147674019888
ANL_014,28,210725,0.8028536594658437
ANL_014,29,207771,0.7915990398902731
ANL_014,30,202194,0.7703508972453995
ANL_014,31,236592,0.901405874957138
ANL_014,32,224094,0.8537890044576523
ANL_014,33,229498,0.8743780241551415
ANL_014,34,246168,0.937890044576523
ANL_014,35,237885,0.906332152245971
ANL_014,36,262470,1.0
ANL_015,1,32368,0.20232782007526035
ANL_015,2,36085,0.22556226481141156
ANL_015,3,39508,0.24695895685656777
ANL_015,4,40679,0.25427871332308194
ANL_015,5,44217,0.2763942542099539
ANL_015,6,45808,0.28633937166360374
ANL_015,7,51595,0.32251309555063823
ANL_015,8,53568,0.33484604133068296
ANL_015,9,52817,0.3301516458513046
ANL_015,10,57512,0.3594994311717861
ANL_015,11,65325,0.4083373963920039
ANL_015,12,70223,0.43895410618960107
ANL_015,13,71110,0.444498618560052
ANL_015,14,73414,0.45890059883233947
ANL_015,15,77763,0.48608558676818064
ANL_015,16,85893,0.5369050744477366
ANL_015,17,81796,0.5112953031041768
ANL_015,18,92365,0.5773606370875995
ANL_015,19,89333,0.5584080311042768
ANL_015,20,93748,0.5860055757666679
ANL_015,21,96057,0.6004388103364212
ANL_015,22,113273,0.7080536073710135
ANL_015,23,109424,0.6839940491817625
ANL_015,24,121303,0.7582480091012515
ANL_015,25,114057,0.7129542812136669
ANL_015,26,126624,0.7915088324644639
ANL_015,27,140061,0.8755016314743277
ANL_015,28,137014,0.8564552625986073
ANL_015,29,143553,0.8973296328245134
ANL_015,30,145516,0.9096000700096263
ANL_015,31,140609,0.8789271024765906
ANL_015,32,144218,0.9014864543874783
ANL_015,33,155008,0.9689332283188938
ANL_015,34,156822,0.9802722874395229
ANL_015,35,154457,0.9654890047381515
ANL_015,36,159978,1.0
ANL_016,1,14353,0.30657667086741996
ANL_016,2,14031,0.29969882734903985
ANL_016,3,14768,0.31544097229638807
ANL_016,4,14967,0.31969156502979684
ANL_016,5,16230,0.34666894504133117
ANL_016,6,18153,0.38774376828929663
ANL_016,7,17558,0.37503470961402907
ANL_016,8,17977,0.383984450092915
ANL_016,9,20293,0.43345365999530083
ANL_016,10,20701,0.4421684430869129
ANL_016,11,22221,0.4746352820556635
ANL_016,12,23388,0.49956212486917145
ANL_016,13,23595,0.5039835957024158
ANL_016,14,23233,0.49625136168485806
ANL_016,15,25293,0.540252472392507
ANL_016,16,26872,0.5739795373475447
ANL_016,17,26645,0.5691308712647115
ANL_016,18,26602,0.5682124014780956
ANL_016,19,30463,0.6506824444112181
ANL_016,20,29632,0.6329324817908025
ANL_016,21,30583,0.6532456159087511
ANL_016,22,32073,0.6850716620031185
ANL_016,23,34375,0.7342418352307922
ANL_016,24,34332,0.7333233654441763
ANL_016,25,34464,0.7361428540914625
ANL_016,26,36860,0.7873208449922037
ANL_016,27,39988,0.8541341820278958
ANL_016,28,39857,0.851336053143089
ANL_016,29,39728,0.8485806437832412
ANL_016,30,37824,0.807911656022385
ANL_016,31,46582,0.9949804558173313
ANL_016,32,39406,0.8417028002648611
ANL_016,33,41634,0.8892923510690561
ANL_016,34,41911,0.8952090052758613
ANL_016,35,46817,1.0
ANL_016,36,45528,0.9724672661640003
ANL_017,1,97071,0.24986807863285704
ANL_017,2,105314,0.27108618262035733
ANL_017,3,111893,0.28802102504832827
ANL_017,4,119718,0.3081631654950333
ANL_017,5,114915,0.29579988107771393
ANL_017,6,129004,0.3320660301836088
ANL_017,7,128265,0.3301637884212938
ANL_017,8,148516,0.3822913904898208
ANL_017,9,152758,0.3932106185760729
ANL_017,10,158474,0.4079240338851293
ANL_017,11,165628,0.4263389697005578
ANL_017,12,177154,0.45600776341157667
ANL_017,13,183979,0.47357582840183376
ANL_017,14,175238,0.4510758348370224
ANL_017,15,199049,0.5123671455305041
ANL_017,16,207223,0.5334076383115095
ANL_017,17,222977,0.5739596230523901
ANL_017,18,218001,0.5611510235811052
ANL_017,19,245050,0.6307771906025653
ANL_017,20,247391,0.63680310124611
ANL_017,21,244077,0.6282726151834415
ANL_017,22,253184,0.6517147203653127
ANL_017,23,267613,0.6888560551264
ANL_017,24,281343,0.72419811114343
ANL_017,25,288479,0.7425667136006425
ANL_017,26,304443,0.7836592541873773
ANL_017,27,301099,0.7750515458610153
ANL_017,28,341251,0.8784058235883127
ANL_017,29,321499,0.8275626851725532
ANL_017,30,333494,0.8584387202726461
ANL_017,31,324820,0.8361111897634167
ANL_017,32,331516,0.8533471990197921
ANL_017,33,354738,0.9131223792694259
ANL_017,34,353431,0.9097580626478484
ANL_017,35,388489,1.0
ANL_017,36,381981,0.9832479169294369
ANL_018,1,98754,0.3330567809300255
ANL_018,2,88429,0.2982347862452278
ANL_018,3,102670,0.3462638444831168
ANL_018,4,112620,0.3798211178113238
ANL_018,5,104535,0.352553725363228
ANL_018,6,124142,0.4186801030663591
ANL_018,7,112185,0.37835404103767856
ANL_018,8,126962,0.4281908076679213
ANL_018,9,135719,0.45772458078702766
ANL_018,10,135081,0.4555728681856813
ANL_018,11,145567,0.490937849906242
ANL_018,12,143825,0.48506279763109256
ANL_018,13,162480,0.5479784693836254
ANL_018,14,158546,0.5347106992054177
ANL_018,15,170014,0.573387564585104
ANL_018,16,168655,0.5688042143888192
ANL_018,17,177073,0.5971946794015676
ANL_018,18,195622,0.6597528565839708
ANL_018,19,201378,0.6791654862600672
ANL_018,20,198693,0.6701100813468777
ANL_018,21,211155,0.7121393014691003
ANL_018,22,219881,0.7415685242893952
ANL_018,23,211557,0.7134950827633656
ANL_018,24,233486,0.7874526151065064
ANL_018,25,220620,0.74406086850945
ANL_018,26,233864,0.7887274542339499
ANL_018,27,240167,0.8099848907955266
ANL_018,28,254876,0.8595923212864408
ANL_018,29,250878,0.8461087053300417
ANL_018,30,248342,0.8375558163692042
ANL_018,31,269068,0.907456122600402
ANL_018,32,291795,0.9841049819903679
ANL_018,33,296508,1.0
ANL_018,34,289505,0.976381750239454
ANL_018,35,284061,0.9580213687320409
ANL_018,36,274618,0.9261739986779446
ANL_019,1,26880,0.31936507182149776
ANL_019,2,27605,0.32797889909346895
ANL_019,3,30940,0.36760250454453647
ANL_019,4,27851,0.33090165979540676
ANL_019,5,33500,0.3980182256703934
ANL_019,6,33990,0.40383998479213945
ANL_019,7,34216,0.4065251226727815
ANL_019,8,37879,0.4500457423930994
ANL_019,9,36915,0.4385923224066439
ANL_019,10,39343,0.46743973291194885
ANL_019,11,39397,0.4680813145294474
ANL_019,12,44392,0.5274276141480628
ANL_019,13,39560,0.4700179405230078
ANL_019,14,44541,0.5291979041667162
ANL_019,15,44428,0.5278553352263952
ANL_019,16,45981,0.5463067473000107
ANL_019,17,48121,0.5717323891786568
ANL_019,18,52592,0.6248529708793232
ANL_019,19,52987,0.6295460215999145
ANL_019,20,54833,0.6514786080055128
ANL_019,21,56954,0.6766785082039279
ANL_019,22,57705,0.6856012451435836
ANL_019,23,61435,0.7299179013152424
ANL_019,24,64153,0.7622108427293357
ANL_019,25,69184,0.8219848634262834
ANL_019,26,65995,0.784095904570675
ANL_019,27,67999,0.8079057112645098
ANL_019,28,68859,0.8181234925802274
ANL_019,29,73030,0.8676797319614575
ANL_019,30,75658,0.89890337067972
ANL_019,31,77805,0.9244121805458196
ANL_019,32,77325,0.9187092328347215
ANL_019,33,81227,0.9650694452695237
ANL_019,34,81082,0.9633466798151294
ANL_019,35,79382,0.94314874000499
ANL_019,36,84167,1.0
ANL_020,1,32007,0.04837503003885781
ANL_020,2,39901,0.06030593537602604
ANL_020,3,49364,0.07460821016771885
ANL_020,4,59352,0.08970396422239788
ANL_020,5,76726,0.11596283796548894
ANL_020,6,98096,0.1482612224417095
ANL_020,7,116979,0.17680078229498386
ANL_020,8,142868,0.21592913398917543
ANL_020,9,190831,0.2884198880665253
ANL_020,10,194868,0.29452136575162136
ANL_020,11,229631,0.34706178407388877
ANL_020,12,299590,0.45279705218675326
ANL_020,13,304988,0.46095553039932413
ANL_020,14,332759,0.5029283163276873
ANL_020,15,364084,0.5502725790191991
ANL_020,16,477686,0.7219694004168411
ANL_020,17,453494,0.6854058759784355
ANL_020,18,469285,0.709272220819989
ANL_020,19,487358,0.736587555524656
ANL_020,20,535982,0.8100773377788324
ANL_020,21,531206,0.8028589435692662
ANL_020,22,588951,0.89013410555239
ANL_020,23,610845,0.9232244579025245
ANL_020,24,584703,0.8837137247730271
ANL_020,25,584683,0.88368349699158
ANL_020,26,595636,0.9002377415010814
ANL_020,27,626725,0.9472253163715175
ANL_020,28,572101,0.8646671996832128
ANL_020,29,659590,0.9968971182344557
ANL_020,30,600855,0.9081256810697007
ANL_020,31,610470,0.9226576870003914
ANL_020,32,567191,0.8572462793379512
ANL_020,33,649817,0.982126312830333
ANL_020,34,591620,0.8941680029865048
ANL_020,35,622403,0.9406930928008004
ANL_020,36,661643,1.0
ANL_021,1,32498,0.05122102681625178
ANL_021,2,40316,0.06354320010843764
ANL_021,3,51541,0.08123524349610539
ANL_021,4,61294,0.09660722560389366
ANL_021,5,72062,0.1135789782273597
ANL_021,6,83837,0.13213789233780848
ANL_021,7,105498,0.1662784136580999
ANL_021,8,124977,0.19697982240183082
ANL_021,9,148371,0.23385177456317596
ANL_021,10,163578,0.2578199619837785
ANL_021,11,203320,0.3204584642833501
ANL_021,12,210712,0.33210920679752737
ANL_021,13,248659,0.391918558283659
ANL_021,14,302174,0.47626507961025494
ANL_021,15,291280,0.4590947347848427
ANL_021,16,349762,0.5512698868024449
ANL_021,17,379286,0.5978035072013315
ANL_021,18,396354,0.6247048699221077
ANL_021,19,475502,0.7494522953160611
ANL_021,20,501722,0.7907783868639139
ANL_021,21,528517,0.8330107523492196
ANL_021,22,561145,0.8844366758817651
ANL_021,23,562376,0.8863768901722078
ANL_021,24,531100,0.8370818924891168
ANL_021,25,634466,1.0
ANL_021,26,580958,0.9156645115735123
ANL_021,27,608285,0.9587353774670353
ANL_021,28,588709,0.9278810842503775
ANL_021,29,620225,0.9775543527943183
ANL_021,30,622267,0.9807728073687164
ANL_021,31,605178,0.9538383459476157
ANL_021,32,630888,0.9943606119161625
ANL_021,33,623554,0.982801284860024
ANL_021,34,610755,0.9626284150766156
ANL_021,35,606151,0.9553719190626448
ANL_021,36,625523,0.9859046820475802
ANL_022,1,68160,0.3087641732087284
ANL_022,2,68146,0.3087007533374707
ANL_022,3,71330,0.32312424405778456
ANL_022,4,76931,0.3484967225516532
ANL_022,5,82033,0.37160873563426666
ANL_022,6,82094,0.3718850650733179
ANL_022,7,85115,0.3855701672925604
ANL_022,8,90501,0.40996869776354355
ANL_022,9,95805,0.43399576898858894
ANL_022,10,96800,0.438503109838687
ANL_022,11,96348,0.4364555539952254
ANL_022,12,108080,0.4896014061091456
ANL_022,13,109954,0.498090608876064
ANL_022,14,103564,0.4691439676377457
ANL_022,15,112066,0.5076579494543626
ANL_022,16,127190,0.5761695303758534
ANL_022,17,130601,0.5916213290087021
ANL_022,18,136548,0.6185611843207959
ANL_022,19,141627,0.6415690076149145
ANL_022,20,144766,0.6557886487490431
ANL_022,21,133451,0.6045318028004403
ANL_022,22,157995,0.7157158970967289
ANL_022,23,160257,0.7259627362956453
ANL_022,24,160176,0.7255958070405117
ANL_022,25,148375,0.6721373855611074
ANL_022,26,173583,0.7863293937513307
ANL_022,27,174205,0.7891470480314925
ANL_022,28,174095,0.7886487490430394
ANL_022,29,177405,0.8036430186046722
ANL_022,30,176708,0.8004856150142016
ANL_022,31,196544,0.8903425126046994
ANL_022,32,192609,0.8725169987904925
ANL_022,33,193586,0.8769427998061164
ANL_022,34,204830,0.9278780164076267
ANL_022,35,217113,0.9835198934546163
ANL_022,36,220751,1.0
ANL_023,1,47018,0.10647650147990968
ANL_023,2,55065,0.1246996587262586
ANL_023,3,54320,0.12301253903587338
ANL_023,4,62462,0.14145083235012376
ANL_023,5,71400,0.16169173945436963
ANL_023,6,76161,0.17247345334151606
ANL_023,7,87526,0.19821052083309743
ANL_023,8,88956,0.2014488848025617
ANL_023,9,102564,0.23226542808680628
ANL_023,10,113709,0.2575042857369316
ANL_023,11,141984,0.32153557331497506
ANL_023,12,137269,0.31085803057649675
ANL_023,13,141006,0.3193208041106841
ANL_023,14,161806,0.36642428003016436
ANL_023,15,189653,0.42948632300755696
ANL_023,16,202858,0.4593902364458616
ANL_023,17,213134,0.48266116522223557
ANL_023,18,229252,0.5191618298794559
ANL_023,19,241600,0.5471249895262704
ANL_023,20,241057,0.5458953170539493
ANL_023,21,278379,0.6304143520667782
ANL_023,22,286493,0.6487892368557524
ANL_023,23,309905,0.7018078223474289
ANL_023,24,325779,0.7377559269986707
ANL_023,25,334800,0.7581847950885569
ANL_023,26,348840,0.789979641334206
ANL_023,27,346491,0.7846601189815685
ANL_023,28,377166,0.8541264230118597
ANL_023,29,371187,0.8405864382751975
ANL_023,30,387475,0.877472083264452
ANL_023,31,412349,0.9338014996116227
ANL_023,32,441581,1.0
ANL_023,33,423197,0.9583677739757824
ANL_023,34,399659,0.905063850120363
ANL_023,35,437712,0.991238300560939
ANL_023,36,440633,0.9978531685013622
ANL_024,1,91670,0.33455105489235754
ANL_024,2,94486,0.3448280895882982
ANL_024,3,94355,0.3443500031020879
ANL_024,4,98340,0.3588933210223022
ANL_024,5,100522,0.36685656310559145
ANL_024,6,124433,0.4541201201420391
ANL_024,7,111459,0.4067713104314092
ANL_024,8,120500,0.4397665770102442
ANL_024,9,124846,0.4556273699039083
ANL_024,10,130457,0.47610479947738943
ANL_024,11,134111,0.48944012787901126
ANL_024,12,132130,0.4822104383432661
ANL_024,13,142456,0.5198953319051564
ANL_024,14,145480,0.5309314657547745
ANL_024,15,158987,0.5802254670467029
ANL_024,16,161086,0.5878857993715535
ANL_024,17,166787,0.6086916853096066
ANL_024,18,178969,0.6531500790120033
ANL_024,19,179140,0.65377414610469
ANL_024,20,196489,0.7170895846486794
ANL_024,21,192439,0.7023090482429409
ANL_024,22,203317,0.742008474174206
ANL_024,23,196543,0.7172866584674226
ANL_024,24,219189,0.7999335788240532
ANL_024,25,216029,0.7884011109124153
ANL_024,26,229255,0.8366695984438467
ANL_024,27,234558,0.8560229773474594
ANL_024,28,235739,0.8603330547536759
ANL_024,29,245321,0.8953027090351047
ANL_024,30,245118,0.8945618574572368
ANL_024,31,268333,0.9792853519409946
ANL_024,32,269926,0.9850990295939185
ANL_024,33,270812,0.9883325000273714
ANL_024,34,258267,0.9425493323212011
ANL_024,35,264181,0.9641325649887412
ANL_024,36,274009,1.0
ANL_025,1,151167,0.2948990062543162
ANL_025,2,160203,0.3125265798683589
ANL_025,3,167240,0.3262544722457404
ANL_025,4,173541,0.3385465640277328
ANL_025,5,197011,0.38433221616602226
ANL_025,6,203587,0.3971607823552592
ANL_025,7,193430,0.377346343975685
ANL_025,8,222046,0.43317089538553977
ANL_025,9,206112,0.40208659282177733
ANL_025,10,222093,0.4332625837387779
ANL_025,11,253509,0.4945494200223954
ANL_025,12,226213,0.44129994576731446
ANL_025,13,264115,0.5152397747977979
ANL_025,14,254602,0.49668166193918917
ANL_025,15,276443,0.5392894347705646
ANL_025,16,286094,0.5581167602408087
ANL_025,17,318666,0.6216587398508796
ANL_025,18,298726,0.5827594682855839
ANL_025,19,318257,0.620860856096105
ANL_025,20,337864,0.6591105059246283
ANL_025,21,336668,0.656777329957121
ANL_025,22,339079,0.661480747396636
ANL_025,23,360268,0.7028165881788352
ANL_025,24,373010,0.7276738859865082
ANL_025,25,395589,0.7717213610453253
ANL_025,26,377675,0.7367744427494021
ANL_025,27,395572,0.7716881971728774
ANL_025,28,418380,0.8161824091017272
ANL_025,29,420343,0.8200118609614402
ANL_025,30,429965,0.8387826127669205
ANL_025,31,442736,0.8636964842393573
ANL_025,32,440143,0.8586380182830478
ANL_025,33,447497,0.8729843193407802
ANL_025,34,479958,0.936309758371927
ANL_025,35,459749,0.8968857172955447
ANL_025,36,512606,1.0
ANL_026,1,6236,0.047871646259547845
ANL_026,2,7899,0.0606379303727018
ANL_026,3,9386,0.07205312248109623
ANL_026,4,12141,0.09320231835105362
ANL_026,5,14068,0.10799524047134687
ANL_026,6,16709,0.12826929720185776
ANL_026,7,19059,0.14630944612904465
ANL_026,8,24137,0.18529152113000422
ANL_026,9,25177,0.19327524661267417
ANL_026,10,31359,0.2407323532798526
ANL_026,11,37506,0.28792077687790274
ANL_026,12,41927,0.32185928683836795
ANL_026,13,46982,0.36066479867961465
ANL_026,14,53017,0.40699343645645414
ANL_026,15,58833,0.45164088588646223
ANL_026,16,67308,0.5167005719111043
ANL_026,17,73209,0.5620005373661383
ANL_026,18,79588,0.6109699458795532
ANL_026,19,83291,0.639396614593329
ANL_026,20,89220,0.6849115265036656
ANL_026,21,93698,0.7192876060338541
ANL_026,22,95746,0.7350094039074195
ANL_026,23,97501,0.748481940659425
ANL_026,24,110151,0.8455916785015162
ANL_026,25,100459,0.7711894983303267
ANL_026,26,111301,0.8544198364871608
ANL_026,27,114168,0.8764288181783287
ANL_026,28,113791,0.8735347176908609
ANL_026,29,117967,0.905592446167428
ANL_026,30,117366,0.9009787740375389
ANL_026,31,130265,1.0
ANL_026,32,121778,0.9348481940659426
ANL_026,33,125397,0.9626300234138103
ANL_026,34,117064,0.8986604229839174
ANL_026,35,115569,0.8871838176025794
ANL_026,36,119469,0.9171227881625916
ANL_027,1,189817,0.3132505664574666
ANL_027,2,208964,0.3448484138365797
ANL_027,3,199443,0.3291361296721395
ANL_027,4,215967,0.35640530134877113
ANL_027,5,224090,0.3698104987301121
ANL_027,6,245340,0.40487887794388727
ANL_027,7,244742,0.40389201249589496
ANL_027,8,263877,0.43547005655498144
ANL_027,9,264107,0.43584962018882467
ANL_027,10,280239,0.4624718834112539
ANL_027,11,266692,0.4401155853778886
ANL_027,12,302051,0.49846771811294166
ANL_027,13,303669,0.5011378657631952
ANL_027,14,344763,0.5689543351942953
ANL_027,15,350331,0.5781430756866389
ANL_027,16,328733,0.5425004001920922
ANL_027,17,365445,0.6030853572601447
ANL_027,18,385824,0.6367163454953223
ANL_027,19,396969,0.6551086789700293
ANL_027,20,423555,0.6989829344889671
ANL_027,21,417245,0.6885696887083119
ANL_027,22,403567,0.6659972044313229
ANL_027,23,454827,0.7505903864782931
ANL_027,24,482283,0.7959003826991595
ANL_027,25,435721,0.7190602004426042
ANL_027,26,480908,0.7936312522794446
ANL_027,27,493677,0.8147036350644186
ANL_027,28,482853,0.7968410404004231
ANL_027,29,540938,0.8926973607125235
ANL_027,30,516934,0.853084119552643
ANL_027,31,521507,0.8606308347594475
ANL_027,32,530101,0.8748133124518326
ANL_027,33,585924,0.9669367069389183
ANL_027,34,552078,0.911081442803886
ANL_027,35,592837,0.9783450695509102
ANL_027,36,605959,1.0
ANL_028,1,6637,0.08927778749276981
ANL_028,2,7831,0.10533891123337055
ANL_028,3,8020,0.10788124991592796
ANL_028,4,8822,0.11866937490752075
ANL_028,5,11324,0.15232509651470924
ANL_028,6,12474,0.1677943530487887
ANL_028,7,13008,0.17497746869156994
ANL_028,8,15619,0.21009940678764075
ANL_028,9,17830,0.23984073391533609
ANL_028,10,18254,0.24554418154181407
ANL_028,11,22304,0.3000228675966156
ANL_028,12,23169,0.3116584388157275
ANL_028,13,24317,0.3271007922949651
ANL_028,14,26947,0.36247830941203374
ANL_028,15,28617,0.3849423602050013
ANL_028,16,31363,0.4218802545028988
ANL_028,17,36430,0.4900391439447949
ANL_028,18,37241,0.5009483326831762
ANL_028,19,41590,0.5594490254368384
ANL_028,20,40166,0.5402940503894217
ANL_028,21,46771,0.6291413890047215
ANL_028,22,48668,0.654658936522242
ANL_028,23,51111,0.6875210180115953
ANL_028,24,53616,0.7212170942010465
ANL_028,25,54820,0.7374127332158567
ANL_028,26,52096,0.7007707725212198
ANL_028,27,58090,0.7813992278823261
ANL_028,28,63096,0.8487375741515449
ANL_028,29,61833,0.8317482950188994
ANL_028,30,72181,0.9709447007707726
ANL_028,31,65764,0.8846262493106092
ANL_028,32,74244,0.9986952018401689
ANL_028,33,72161,0.9706756702223538
ANL_028,34,73083,0.9830779785044592
ANL_028,35,73370,0.9869385668742686
ANL_028,36,74341,1.0
ANL_029,1,39295,0.2747998181754607
ANL_029,2,39679,0.27748522675618026
ANL_029,3,41289,0.28874436169096823
ANL_029,4,42893,0.2999615371166824
ANL_029,5,49670,0.3473548026154761
ANL_029,6,52497,0.3671247246407217
ANL_029,7,55241,0.3863142067904472
ANL_029,8,57144,0.3996223644183363
ANL_029,9,57280,0.40057344662400785
ANL_029,10,59820,0.41833630546522604
ANL_029,11,67389,0.4712682261617539
ANL_029,12,70759,0.4948354837581734
ANL_029,13,80112,0.5602433651526277
ANL_029,14,70884,0.4957096401972097
ANL_029,15,78708,0.5504248400293716
ANL_029,16,80180,0.5607189062554635
ANL_029,17,82444,0.5765516276792895
ANL_029,18,84180,0.588691912304626
ANL_029,19,94495,0.660827301653904
ANL_029,20,95291,0.6663939298576873
ANL_029,21,101914,0.7127102346235883
ANL_029,22,100923,0.7057799223749082
ANL_029,23,105900,0.7405853351515788
ANL_029,24,106345,0.743697332074548
ANL_029,25,115343,0.8066226091821392
ANL_029,26,116244,0.8129235287947131
ANL_029,27,117335,0.8205531661946222
ANL_029,28,131494,0.9195706143571454
ANL_029,29,120264,0.8410363998741215
ANL_029,30,129587,0.9062344837232071
ANL_029,31,132709,0.9280674149445785
ANL_029,32,129724,0.9071925591803909
ANL_029,33,133510,0.9336690094059232
ANL_029,34,132637,0.9275639008356935
ANL_029,35,139735,0.9772020000699325
ANL_029,36,142995,1.0
ANL_030,1,54791,0.10246881948873125
ANL_030,2,57361,0.10727517210295694
ANL_030,3,64618,0.12084704016577241
ANL_030,4,66757,0.12484734687465518
ANL_030,5,79937,0.14949626806356356
ANL_030,6,90945,0.17008316673181115
ANL_030,7,104438,0.1953174530445532
ANL_030,8,106315,0.198827773611441
ANL_030,9,121505,0.2272357487904636
ANL_030,10,128796,0.24087120284117156
ANL_030,11,140130,0.26206777892274113
ANL_030,12,149470,0.2795352238320283
ANL_030,13,160113,0.2994395082184889
ANL_030,14,190623,0.35649858147141716
ANL_030,15,203284,0.38017688125690796
ANL_030,16,207706,0.3884468000351593
ANL_030,17,229743,0.42965987107005865
ANL_030,18,254722,0.476375000233772
ANL_030,19,273846,0.5121402482471774
ANL_030,20,301830,0.5644752566349173
ANL_030,21,307497,0.5750735446757022
ANL_030,22,319370,0.597278145682979
ANL_030,23,326886,0.611334389359446
ANL_030,24,358741,0.6709088494863561
ANL_030,25,395422,0.7395087795417694
ANL_030,26,380200,0.7110409587270833
ANL_030,27,397368,0.7431481422605567
ANL_030,28,419786,0.7850737503950747
ANL_030,29,443754,0.8298981315070441
ANL_030,30,453633,0.8483736013420384
ANL_030,31,439916,0.8227203955796517
ANL_030,32,479850,0.8974040085354837
ANL_030,33,487878,0.912417782382567
ANL_030,34,486363,0.9095844655691226
ANL_030,35,534709,1.0
ANL_030,36,491864,0.919872304374903
ANL_031,1,77565,0.30143166927040826
ANL_031,2,83236,0.3234702046463186
ANL_031,3,85032,0.3304497866486348
ANL_031,4,86508,0.33618579056590575
ANL_031,5,94382,0.3667855838210491
ANL_031,6,98807,0.38398193702831473
ANL_031,7,106259,0.41294176168380475
ANL_031,8,104265,0.40519271574136684
ANL_031,9,114840,0.4462890852705948
ANL_031,10,108985,0.4235354924957835
ANL_031,11,113987,0.4429741724376462
ANL_031,12,126675,0.49228204350968824
ANL_031,13,131082,0.50940844544967
ANL_031,14,134619,0.5231538694709352
ANL_031,15,140939,0.5477145366505779
ANL_031,16,148597,0.5774749146983157
ANL_031,17,158203,0.6148055743387663
ANL_031,18,152607,0.5930585025765384
ANL_031,19,151114,0.5872564335734993
ANL_031,20,171597,0.6668570895609393
ANL_031,21,171827,0.6677509113095654
ANL_031,22,180455,0.7012808854275966
ANL_031,23,182919,0.7108564366824446
ANL_031,24,198133,0.7699808022633121
ANL_031,25,190744,0.7412658070433154
ANL_031,26,195992,0.7616604876380566
ANL_031,27,208148,0.808900910143711
ANL_031,28,199964,0.7770964006186801
ANL_031,29,201699,0.7838389255485345
ANL_031,30,215734,0.8383814831223136
ANL_031,31,210803,0.8192187220680703
ANL_031,32,221773,0.861850133296026
ANL_031,33,233059,0.9057095778829638
ANL_031,34,238429,0.9265783726226284
ANL_031,35,234943,0.9130311438586673
ANL_031,36,257322,1.0
ANL_032,1,3830,0.06257965425966472
ANL_032,2,4352,0.07110878729453286
ANL_032,3,5456,0.0891474134832195
ANL_032,4,6297,0.1028887944838404
ANL_032,5,7210,0.11780660762720173
ANL_032,6,7861,0.12844351491781314
ANL_032,7,9220,0.15064867161203882
ANL_032,8,9934,0.1623149570275481
ANL_032,9,12006,0.19617005980196725
ANL_032,10,12546,0.20499330087252052
ANL_032,11,14969,0.24458351034279927
ANL_032,12,17013,0.27798111172837486
ANL_032,13,17426,0.28472925721381653
ANL_032,14,20331,0.33219502630632985
ANL_032,15,23613,0.38582072481291463
ANL_032,16,26659,0.4355903401849613
ANL_032,17,25734,0.4204764550178099
ANL_032,18,30104,0.4918793503480278
ANL_032,19,30452,0.4975654390379399
ANL_032,20,32513,0.5312408091238848
ANL_032,21,38993,0.6371197019705238
ANL_032,22,39923,0.6523152838142544
ANL_032,23,39713,0.6488840233979282
ANL_032,24,43460,0.7101075128263782
ANL_032,25,46174,0.7544524688735662
ANL_032,26,47169,0.7707101075128264
ANL_032,27,52869,0.8638443188131106
ANL_032,28,51267,0.8376687036371361
ANL_032,29,45304,0.740237247148786
ANL_032,30,52132,0.8518022286853371
ANL_032,31,52310,0.8547106303715565
ANL_032,32,54484,0.8902323453481913
ANL_032,33,55885,0.9131237541256821
ANL_032,34,55198,0.9018986307637006
ANL_032,35,54907,0.8971438841867913
ANL_032,36,61202,1.0
ANL_033,1,102530,0.33386627764987836
ANL_033,2,100688,0.3278682118795568
ANL_033,3,109990,0.35815811839178896
ANL_033,4,105874,0.3447552743577804
ANL_033,5,123530,0.40224813496624867
ANL_033,6,126352,0.4114373540780009
ANL_033,7,131419,0.42793691936476513
ANL_033,8,128083,0.41707397288822173
ANL_033,9,138835,0.4520854838342033
ANL_033,10,147785,0.48122918016665633
ANL_033,11,148822,0.48460594140651714
ANL_033,12,153057,0.4983962826319851
ANL_033,13,158269,0.5153680083621243
ANL_033,14,165735,0.5396793867775538
ANL_033,15,173962,0.5664687934509718
ANL_033,16,176489,0.5746974102813751
ANL_033,17,204066,0.6644958140534486
ANL_033,18,200022,0.6513274221016675
ANL_033,19,185200,0.6030628559519894
ANL_033,20,232815,0.7581105767195595
ANL_033,21,212042,0.69046789471799
ANL_033,22,247018,0.8043595062178646
ANL_033,23,232521,0.7571532307171303
ANL_033,24,234555,0.7637765020400588
ANL_033,25,236404,0.7697973617628192
ANL_033,26,241789,0.7873324237460884
ANL_033,27,260404,0.8479480558386709
ANL_033,28,247030,0.8043985815649025
ANL_033,29,274157,0.8927316598230538
ANL_033,30,273019,0.8890260144122905
ANL_033,31,265766,0.8654082234067841
ANL_033,32,274686,0.8944542313716424
ANL_033,33,297542,0.9688797423632118
ANL_033,34,300175,0.9774535247591167
ANL_033,35,307099,1.0
ANL_033,36,299028,0.9737185728380751
ANL_034,1,47010,0.06672893375652243
ANL_034,2,58632,0.08322592733487393
ANL_034,3,65041,0.09232326271980378
ANL_034,4,75969,0.1078351492990694
ANL_034,5,84822,0.12040165111882037
ANL_034,6,92613,0.1314606837267137
ANL_034,7,106241,0.15080511914968517
ANL_034,8,129618,0.18398789482350403
ANL_034,9,141513,0.20087240167383022
ANL_034,10,164804,0.23393310356966437
ANL_034,11,156767,0.2225248831782334
ANL_034,12,209579,0.2974895385611192
ANL_034,13,218963,0.310809774986799
ANL_034,14,268991,0.3818226466730637
ANL_034,15,267247,0.3793471040125367
ANL_034,16,299526,0.4251659351703071
ANL_034,17,334954,0.4754546538498663
ANL_034,18,341576,0.4848543347546885
ANL_034,19,395143,0.5608906843512772
ANL_034,20,398965,0.566315870158923
ANL_034,21,459356,0.6520386320923446
ANL_034,22,478121,0.6786748465561
ANL_034,23,498731,0.7079299693963877
ANL_034,24,498592,0.7077326641040637
ANL_034,25,532017,0.755178199326607
ANL_034,26,564815,0.8017337315398897
ANL_034,27,531114,0.7538964246577676
ANL_034,28,583386,0.8280945702719122
ANL_034,29,636384,0.9033232456862533
ANL_034,30,596732,0.8470387172600966
ANL_034,31,675231,0.9584651067719718
ANL_034,32,638238,0.9059549292255981
ANL_034,33,674292,0.9571322314518831
ANL_034,34,644438,0.9147555969407744
ANL_034,35,697334,0.9898394871765754
ANL_034,36,704492,1.0
ANL_035,1,19798,0.04918452270045339
ANL_035,2,29100,0.07229364635736911
ANL_035,3,30265,0.07518787652940812
ANL_035,4,34944,0.08681199925470467
ANL_035,5,44336,0.11014471150860194
ANL_035,6,48531,0.1205664244456866
ANL_035,7,68182,0.1693857524377368
ANL_035,8,76999,0.19128998198869634
ANL_035,9,83902,0.20843922737718154
ANL_035,10,97162,0.24138128066579714
ANL_035,11,114607,0.28472020371405504
ANL_035,12,129203,0.3209813055089746
ANL_035,13,159695,0.39673312216632506
ANL_035,14,163129,0.4052642693000435
ANL_035,15,188237,0.46764051922240857
ANL_035,16,207330,0.5150735979131731
ANL_035,17,241012,0.5987503881746475
ANL_035,18,248474,0.6172883671821626
ANL_035,19,272217,0.6762735233836408
ANL_035,20,284305,0.7063039562760077
ANL_035,21,307149,0.7630557108254146
ANL_035,22,321659,0.7991031612943296
ANL_035,23,335251,0.8328700080740327
ANL_035,24,350910,0.8717719396310788
ANL_035,25,347119,0.8623538910626669
ANL_035,26,346048,0.8596931867585864
ANL_035,27,395053,0.9814371778150426
ANL_035,28,360767,0.8962598596360475
ANL_035,29,383926,0.9537941742748898
ANL_035,30,372227,0.924730140985032
ANL_035,31,372532,0.925487857897025
ANL_035,32,373711,0.9284168685174834
ANL_035,33,400366,0.9946363579901869
ANL_035,34,402525,1.0
ANL_035,35,376547,0.9354623936401466
ANL_035,36,392312,0.9746276628780821
