drug_id,month,sales_units
ANALOG_1,1,1416
ANALOG_1,2,3447
ANALOG_1,3,2154
ANALOG_1,4,4350
ANALOG_1,5,3591
ANALOG_1,6,3922
ANALOG_1,7,2021
ANALOG_1,8,3543
ANALOG_1,9,2216
ANALOG_1,10,4105
ANALOG_1,11,4810
ANALOG_1,12,232
ANALOG_1,13,3659
ANALOG_1,14,937
ANALOG_1,15,4466
ANALOG_1,16,3711
ANALOG_1,17,1616
ANALOG_1,18,4989
ANALOG_1,19,2437
ANALOG_1,20,582
ANALOG_1,21,479
ANALOG_1,22,1318
ANALOG_1,23,3826
ANALOG_1,24,3701
ANALOG_2,1,2572
ANALOG_2,2,692
ANALOG_2,3,4273
ANALOG_2,4,3004
ANALOG_2,5,2628
ANALOG_2,6,733
ANALOG_2,7,3373
ANALOG_2,8,3454
ANALOG_2,9,2396
ANALOG_2,10,1264
ANALOG_2,11,1259
ANALOG_2,12,4668
ANALOG_2,13,4946
ANALOG_2,14,3809
ANALOG_2,15,2538
ANALOG_2,16,1694
ANALOG_2,17,3135
ANALOG_2,18,4163
ANALOG_2,19,3651
ANALOG_2,20,4959
ANALOG_2,21,2134
ANALOG_2,22,2438
ANALOG_2,23,3422
ANALOG_2,24,378
ANALOG_3,1,2542
ANALOG_3,2,1474
ANALOG_3,3,1278
ANALOG_3,4,4039
ANALOG_3,5,3846
ANALOG_3,6,1010
ANALOG_3,7,1167
ANALOG_3,8,916
ANALOG_3,9,4560
ANALOG_3,10,755
ANALOG_3,11,133
ANALOG_3,12,2790
ANALOG_3,13,4084
ANALOG_3,14,2124
ANALOG_3,15,4496
ANALOG_3,16,156
ANALOG_3,17,1893
ANALOG_3,18,3676
ANALOG_3,19,3806
ANALOG_3,20,4581
ANALOG_3,21,1535
ANALOG_3,22,614
ANALOG_3,23,1421
ANALOG_3,24,3584
ANALOG_4,1,4801
ANALOG_4,2,2060
ANALOG_4,3,1270
ANALOG_4,4,4841
ANALOG_4,5,917
ANALOG_4,6,1279
ANALOG_4,7,850
ANALOG_4,8,2132
ANALOG_4,9,2304
ANALOG_4,10,1672
ANALOG_4,11,3256
ANALOG_4,12,2194
ANALOG_4,13,691
ANALOG_4,14,2519
ANALOG_4,15,1681
ANALOG_4,16,4421
ANALOG_4,17,363
ANALOG_4,18,4531
ANALOG_4,19,3795
ANALOG_4,20,1764
ANALOG_4,21,181
ANALOG_4,22,3946
ANALOG_4,23,2614
ANALOG_4,24,1799
ANALOG_5,1,3758
ANALOG_5,2,3358
ANALOG_5,3,173
ANALOG_5,4,4107
ANALOG_5,5,948
ANALOG_5,6,1672
ANALOG_5,7,1212
ANALOG_5,8,1966
ANALOG_5,9,3480
ANALOG_5,10,2018
ANALOG_5,11,1998
ANALOG_5,12,686
ANALOG_5,13,3690
ANALOG_5,14,3850
ANALOG_5,15,1155
ANALOG_5,16,3103
ANALOG_5,17,4588
ANALOG_5,18,2142
ANALOG_5,19,3958
ANALOG_5,20,436
ANALOG_5,21,3441
ANALOG_5,22,910
ANALOG_5,23,2907
ANALOG_5,24,4441
ANALOG_6,1,1598
ANALOG_6,2,873
ANALOG_6,3,479
ANALOG_6,4,2041
ANALOG_6,5,2491
ANALOG_6,6,3056
ANALOG_6,7,2633
ANALOG_6,8,2081
ANALOG_6,9,174
ANALOG_6,10,2359
ANALOG_6,11,1672
ANALOG_6,12,4938
ANALOG_6,13,771
ANALOG_6,14,4348
ANALOG_6,15,4108
ANALOG_6,16,661
ANALOG_6,17,877
ANALOG_6,18,1793
ANALOG_6,19,3424
ANALOG_6,20,492
ANALOG_6,21,4397
ANALOG_6,22,2442
ANALOG_6,23,2485
ANALOG_6,24,4436
ANALOG_7,1,2108
ANALOG_7,2,3862
ANALOG_7,3,2778
ANALOG_7,4,1280
ANALOG_7,5,328
ANALOG_7,6,4234
ANALOG_7,7,4307
ANALOG_7,8,1941
ANALOG_7,9,4615
ANALOG_7,10,4721
ANALOG_7,11,2386
ANALOG_7,12,2971
ANALOG_7,13,3604
ANALOG_7,14,571
ANALOG_7,15,2581
ANALOG_7,16,752
ANALOG_7,17,1672
ANALOG_7,18,465
ANALOG_7,19,2966
ANALOG_7,20,2636
ANALOG_7,21,163
ANALOG_7,22,1563
ANALOG_7,23,3034
ANALOG_7,24,2467
ANALOG_8,1,3044
ANALOG_8,2,593
ANALOG_8,3,239
ANALOG_8,4,1702
ANALOG_8,5,3755
ANALOG_8,6,3278
ANALOG_8,7,4162
ANALOG_8,8,3540
ANALOG_8,9,3518
ANALOG_8,10,2944
ANALOG_8,11,4748
ANALOG_8,12,2182
ANALOG_8,13,4480
ANALOG_8,14,3221
ANALOG_8,15,2551
ANALOG_8,16,4676
ANALOG_8,17,2509
ANALOG_8,18,2641
ANALOG_8,19,3532
ANALOG_8,20,3466
ANALOG_8,21,1702
ANALOG_8,22,2121
ANALOG_8,23,3552
ANALOG_8,24,807
ANALOG_9,1,1491
ANALOG_9,2,3180
ANALOG_9,3,2081
ANALOG_9,4,1879
ANALOG_9,5,1761
ANALOG_9,6,2230
ANALOG_9,7,4297
ANALOG_9,8,629
ANALOG_9,9,2261
ANALOG_9,10,1228
ANALOG_9,11,696
ANALOG_9,12,3267
ANALOG_9,13,4355
ANALOG_9,14,4887
ANALOG_9,15,1118
ANALOG_9,16,4037
ANALOG_9,17,2294
ANALOG_9,18,1413
ANALOG_9,19,4005
ANALOG_9,20,155
ANALOG_9,21,302
ANALOG_9,22,4460
ANALOG_9,23,3077
ANALOG_9,24,4895
ANALOG_10,1,1515
ANALOG_10,2,1377
ANALOG_10,3,3391
ANALOG_10,4,4986
ANALOG_10,5,662
ANALOG_10,6,366
ANALOG_10,7,3439
ANALOG_10,8,2571
ANALOG_10,9,1050
ANALOG_10,10,3561
ANALOG_10,11,2160
ANALOG_10,12,2186
ANALOG_10,13,1991
ANALOG_10,14,3039
ANALOG_10,15,3175
ANALOG_10,16,254
ANALOG_10,17,3327
ANALOG_10,18,3857
ANALOG_10,19,2014
ANALOG_10,20,1424
ANALOG_10,21,3660
ANALOG_10,22,543
ANALOG_10,23,4280
ANALOG_10,24,885
